Incidente;Grupo;Estado
IM02000882;APLF_COR_GO_VTA_ADSL;Categorize
IM02001129;APLF_COR_GO_CRM;Work In Progress
IM02003107;APLF_COR_CMS;Pending Other
IM02003107;APLF_COR_CMS;Pending Other
IM02003107;APLF_COR_CMS;Pending Other
IM02003107;APLF_COR_CMS;Pending Other
IM02003107;APLF_COR_CMS;Pending Other
IM02003107;APLF_COR_CMS;Pending Other
IM02007817;ADMF_MAF;Categorize
IM02009151;APLF_COR_GO_MOROSIDAD;Categorize
IM02013059;ADMF_MAF;Rejected
IM02011775;ADMF_COR_CMS;Categorize
IM02011172;APLF_COR_GO_CRM;Work In Progress
IM02013296;APLF_COR_GO_CRM;Categorize
IM02012990;APLF_COR_GO_CRM;Work In Progress
IM02013063;USERF_COR_SIEBEL_CC;Categorize
IM02000882;APLF_COR_GO_VTA_ADSL;Categorize
IM02001129;APLF_COR_GO_CRM;Work In Progress
IM02000750;APLF_COR_CATALOGO_E2E;Categorize
IM02003107;APLF_COR_CMS;Pending Other
IM02003107;APLF_COR_CMS;Pending Other
IM02003107;APLF_COR_CMS;Pending Other
IM02003107;APLF_COR_CMS;Pending Other
IM02003107;APLF_COR_CMS;Pending Other
IM02003107;APLF_COR_CMS;Pending Other
IM02006119;APLF_COR_GO_CRM;Work In Progress
IM02007817;ADMF_MAF;Categorize
IM02010201;APLF_COR_VENTAS;Categorize
IM02012273;APLF_COR_GO_WOM;Categorize
IM02012273;APLF_COR_GO_WOM;Categorize
IM02010828;ADMF_COR_CMS;Categorize
IM02009151;APLF_COR_GO_MOROSIDAD;Categorize
IM02012936;APLF_COR_CATALOGO_E2E;Work In Progress
IM02013366;ADMF_COR_SIEBEL;Work In Progress
IM02013459;APLF_COR_CATALOGO_E2E;Work In Progress
IM02013059;ADMF_MAF;Rejected
IM02013443;APLF_COR_CATALOGO_E2E;Work In Progress
IM02013542;APLF_COR_CATALOGO_E2E;Categorize
IM02011775;ADMF_COR_CMS;Categorize
IM02011172;APLF_COR_GO_CRM;Work In Progress
IM02012908;ADMF_COR_SIEBEL;Work In Progress
IM02013575;ADMF_COR_SIEBEL;Work In Progress
IM02013296;APLF_COR_GO_CRM;Categorize
IM02013013;ADMF_COR_SIEBEL;Work In Progress
IM02012990;APLF_COR_GO_CRM;Work In Progress
IM02013063;USERF_COR_SIEBEL_CC;Categorize
IM02013409;ADMF_COR_SIEBEL;Work In Progress
IM02013378;ADMF_COR_SIEBEL;Work In Progress
IM02013374;ADMF_COR_SIEBEL;Work In Progress
IM02013403;ADMF_COR_SIEBEL;Work In Progress
IM02000882;APLF_COR_GO_VTA_ADSL;Categorize
IM02001129;APLF_COR_GO_CRM;Work In Progress
IM02000750;APLF_COR_CATALOGO_E2E;Categorize
IM02003107;APLF_COR_CMS;Pending Other
IM02003107;APLF_COR_CMS;Pending Other
IM02003107;APLF_COR_CMS;Pending Other
IM02003107;APLF_COR_CMS;Pending Other
IM02003107;APLF_COR_CMS;Pending Other
IM02003107;APLF_COR_CMS;Pending Other
IM02006119;APLF_COR_GO_CRM;Work In Progress
IM02007817;ADMF_MAF;Categorize
IM02010201;APLF_COR_VENTAS;Categorize
IM02012273;APLF_COR_GO_WOM;Categorize
IM02012273;APLF_COR_GO_WOM;Categorize
IM02010828;ADMF_COR_CMS;Categorize
IM02009151;APLF_COR_GO_MOROSIDAD;Categorize
IM02012936;APLF_COR_CATALOGO_E2E;Work In Progress
IM02013366;ADMF_COR_SIEBEL;Work In Progress
IM02013953;APLF_COR_CATALOGO_E2E;Work In Progress
IM02013459;APLF_COR_CATALOGO_E2E;Work In Progress
IM02013059;ADMF_MAF;Rejected
IM02013443;APLF_COR_CATALOGO_E2E;Work In Progress
IM02014054;APLF_COR_GO_CRM;Work In Progress
IM02013542;APLF_COR_CATALOGO_E2E;Categorize
IM02014054;APLF_COR_GO_CRM;Work In Progress
IM02011775;ADMF_COR_CMS;Categorize
IM02013973;APLF_COR_CATALOGO_E2E;Work In Progress
IM02011172;APLF_COR_GO_CRM;Work In Progress
IM02014012;ADMF_COR_SIEBEL;Work In Progress
IM02014034;APLF_COR_GO_CRM;Work In Progress
IM02014054;APLF_COR_GO_CRM;Work In Progress
IM02014054;APLF_COR_GO_CRM;Work In Progress
IM02014054;APLF_COR_GO_CRM;Work In Progress
IM02014054;APLF_COR_GO_CRM;Work In Progress
IM02014054;APLF_COR_GO_CRM;Work In Progress
IM02014054;APLF_COR_GO_CRM;Work In Progress
IM02014054;APLF_COR_GO_CRM;Work In Progress
IM02014054;APLF_COR_GO_CRM;Work In Progress
IM02012908;ADMF_COR_SIEBEL;Work In Progress
IM02013575;ADMF_COR_SIEBEL;Work In Progress
IM02014042;APLF_COR_CENTRAL_PARQ;Work In Progress
IM02014076;APLF_COR_GO_CRM;Categorize
IM02013296;APLF_COR_GO_CRM;Categorize
IM02014054;APLF_COR_GO_CRM;Work In Progress
IM02013013;ADMF_COR_SIEBEL;Work In Progress
IM02012990;APLF_COR_GO_CRM;Work In Progress
IM02013063;USERF_COR_SIEBEL_CC;Categorize
IM02014054;APLF_COR_GO_CRM;Work In Progress
IM02013409;ADMF_COR_SIEBEL;Work In Progress
IM02013378;ADMF_COR_SIEBEL;Work In Progress
IM02013374;ADMF_COR_SIEBEL;Work In Progress
IM02013403;ADMF_COR_SIEBEL;Work In Progress
IM02014048;APLF_COR_GO_CRM;Work In Progress
IM02013984;ADMF_COR_SIEBEL;Work In Progress
IM02013959;APLF_COR_GO_CRM;Work In Progress
IM02014089;ADMF_COR_SIEBEL;Work In Progress
IM02000882;APLF_COR_GO_VTA_ADSL;Categorize
IM02001129;APLF_COR_GO_CRM;Work In Progress
IM02000750;APLF_COR_CATALOGO_E2E;Categorize
IM02003107;APLF_COR_CMS;Pending Other
IM02003107;APLF_COR_CMS;Pending Other
IM02003107;APLF_COR_CMS;Pending Other
IM02003107;APLF_COR_CMS;Pending Other
IM02003107;APLF_COR_CMS;Pending Other
IM02003107;APLF_COR_CMS;Pending Other
IM02006119;APLF_COR_GO_CRM;Work In Progress
IM02007817;APLF_COR_GO_CRM;Rejected
IM02010201;APLF_COR_VENTAS;Categorize
IM02012273;APLF_COR_GO_WOM;Categorize
IM02012273;APLF_COR_GO_WOM;Categorize
IM02010828;ADMF_COR_CMS;Categorize
IM02009151;APLF_COR_GO_MOROSIDAD;Categorize
IM02012936;APLF_COR_CATALOGO_E2E;Work In Progress
IM02013366;ADMF_COR_SIEBEL;Work In Progress
IM02013953;APLF_COR_CATALOGO_E2E;Work In Progress
IM02013459;APLF_COR_CATALOGO_E2E;Work In Progress
IM02013443;APLF_COR_CATALOGO_E2E;Work In Progress
IM02014054;APLF_COR_GO_CRM;Work In Progress
IM02013542;APLF_COR_CATALOGO_E2E;Categorize
IM02014054;APLF_COR_GO_CRM;Work In Progress
IM02011775;ADMF_COR_CMS;Categorize
IM02013973;APLF_COR_CATALOGO_E2E;Work In Progress
IM02011172;APLF_COR_GO_CRM;Work In Progress
IM02014012;ADMF_COR_SIEBEL;Work In Progress
IM02014054;APLF_COR_GO_CRM;Work In Progress
IM02014054;APLF_COR_GO_CRM;Work In Progress
IM02014054;APLF_COR_GO_CRM;Work In Progress
IM02014054;APLF_COR_GO_CRM;Work In Progress
IM02014054;APLF_COR_GO_CRM;Work In Progress
IM02014054;APLF_COR_GO_CRM;Work In Progress
IM02014054;APLF_COR_GO_CRM;Work In Progress
IM02014054;APLF_COR_GO_CRM;Work In Progress
IM02012908;ADMF_COR_SIEBEL;Work In Progress
IM02013575;ADMF_COR_SIEBEL;Work In Progress
IM02014042;APLF_COR_CENTRAL_PARQ;Work In Progress
IM02014076;APLF_COR_GO_CRM;Work In Progress
IM02013296;APLF_COR_GO_CRM;Categorize
IM02014054;APLF_COR_GO_CRM;Work In Progress
IM02013013;ADMF_COR_SIEBEL;Work In Progress
IM02012990;APLF_COR_GO_CRM;Work In Progress
IM02013063;USERF_COR_SIEBEL_CC;Categorize
IM02014054;APLF_COR_GO_CRM;Work In Progress
IM02013409;ADMF_COR_SIEBEL;Work In Progress
IM02013378;ADMF_COR_SIEBEL;Work In Progress
IM02013374;ADMF_COR_SIEBEL;Work In Progress
IM02013403;ADMF_COR_SIEBEL;Work In Progress
IM02013984;ADMF_COR_SIEBEL;Work In Progress
IM02014089;ADMF_COR_SIEBEL;Work In Progress
IM02000882;APLF_COR_GO_VTA_ADSL;Categorize
IM02001129;APLF_COR_GO_CRM;Work In Progress
IM02000750;APLF_COR_CATALOGO_E2E;Categorize
IM02003107;APLF_COR_CMS;Pending Other
IM02003107;APLF_COR_CMS;Pending Other
IM02003107;APLF_COR_CMS;Pending Other
IM02003107;APLF_COR_CMS;Pending Other
IM02003107;APLF_COR_CMS;Pending Other
IM02003107;APLF_COR_CMS;Pending Other
IM02006119;APLF_COR_GO_CRM;Work In Progress
IM02007817;APLF_COR_GO_CRM;Rejected
IM02010201;APLF_COR_VENTAS;Categorize
IM02012273;APLF_COR_GO_WOM;Categorize
IM02012273;APLF_COR_GO_WOM;Categorize
IM02010828;ADMF_COR_CMS;Categorize
IM02009151;APLF_COR_GO_MOROSIDAD;Categorize
IM02012936;APLF_COR_CATALOGO_E2E;Work In Progress
IM02013366;ADMF_COR_SIEBEL;Work In Progress
IM02013953;APLF_COR_CATALOGO_E2E;Work In Progress
IM02013459;APLF_COR_CATALOGO_E2E;Work In Progress
IM02013443;APLF_COR_CATALOGO_E2E;Work In Progress
IM02014054;APLF_COR_GO_CRM;Work In Progress
IM02013542;APLF_COR_CATALOGO_E2E;Categorize
IM02014054;APLF_COR_GO_CRM;Work In Progress
IM02011775;ADMF_COR_CMS;Categorize
IM02013973;APLF_COR_CATALOGO_E2E;Work In Progress
IM02011172;APLF_COR_GO_CRM;Work In Progress
IM02014012;ADMF_COR_SIEBEL;Work In Progress
IM02014054;APLF_COR_GO_CRM;Work In Progress
IM02014054;APLF_COR_GO_CRM;Work In Progress
IM02014054;APLF_COR_GO_CRM;Work In Progress
IM02014054;APLF_COR_GO_CRM;Work In Progress
IM02014054;APLF_COR_GO_CRM;Work In Progress
IM02014054;APLF_COR_GO_CRM;Work In Progress
IM02014054;APLF_COR_GO_CRM;Work In Progress
IM02014054;APLF_COR_GO_CRM;Work In Progress
IM02012908;ADMF_COR_SIEBEL;Work In Progress
IM02013575;ADMF_COR_SIEBEL;Work In Progress
IM02014042;APLF_COR_CENTRAL_PARQ;Work In Progress
IM02014076;APLF_COR_GO_CRM;Work In Progress
IM02013296;APLF_COR_GO_CRM;Categorize
IM02014054;APLF_COR_GO_CRM;Work In Progress
IM02013013;ADMF_COR_SIEBEL;Work In Progress
IM02012990;APLF_COR_GO_CRM;Work In Progress
IM02013063;USERF_COR_SIEBEL_CC;Categorize
IM02014054;APLF_COR_GO_CRM;Work In Progress
IM02013409;ADMF_COR_SIEBEL;Work In Progress
IM02013378;ADMF_COR_SIEBEL;Work In Progress
IM02013374;ADMF_COR_SIEBEL;Work In Progress
IM02013403;ADMF_COR_SIEBEL;Work In Progress
IM02013984;ADMF_COR_SIEBEL;Work In Progress
IM02014302;ADMF_COR_CMS;Categorize
IM02014309;ADMF_COR_CMS;Categorize
IM02014089;ADMF_COR_SIEBEL;Work In Progress
IM02014335;APLF_COR_GO_CRM;Categorize
IM02014334;APLF_COR_GO_CRM;Categorize
IM02014325;APLF_COR_GO_CRM;Categorize
IM02014321;APLF_COR_GO_CRM;Categorize
IM02014332;APLF_COR_GO_CRM;Categorize
IM02000882;APLF_COR_GO_VTA_ADSL;Categorize
IM02001129;APLF_COR_GO_CRM;Work In Progress
IM02000750;APLF_COR_CATALOGO_E2E;Categorize
IM02003107;APLF_COR_CMS;Pending Other
IM02003107;APLF_COR_CMS;Pending Other
IM02003107;APLF_COR_CMS;Pending Other
IM02003107;APLF_COR_CMS;Pending Other
IM02003107;APLF_COR_CMS;Pending Other
IM02003107;APLF_COR_CMS;Pending Other
IM02006119;APLF_COR_GO_CRM;Work In Progress
IM02007817;APLF_COR_GO_CRM;Rejected
IM02010201;APLF_COR_VENTAS;Categorize
IM02012273;APLF_COR_GO_WOM;Categorize
IM02012273;APLF_COR_GO_WOM;Categorize
IM02010828;ADMF_COR_CMS;Categorize
IM02009151;APLF_COR_GO_MOROSIDAD;Categorize
IM02012936;APLF_COR_CATALOGO_E2E;Work In Progress
IM02013366;ADMF_COR_SIEBEL;Work In Progress
IM02013953;APLF_COR_CATALOGO_E2E;Work In Progress
IM02013459;APLF_COR_CATALOGO_E2E;Work In Progress
IM02013443;APLF_COR_CATALOGO_E2E;Work In Progress
IM02014054;APLF_COR_GO_CRM;Work In Progress
IM02013542;APLF_COR_CATALOGO_E2E;Categorize
IM02014054;APLF_COR_GO_CRM;Work In Progress
IM02011775;ADMF_COR_CMS;Categorize
IM02013973;APLF_COR_CATALOGO_E2E;Work In Progress
IM02011172;APLF_COR_GO_CRM;Work In Progress
IM02014012;ADMF_COR_SIEBEL;Work In Progress
IM02014054;APLF_COR_GO_CRM;Work In Progress
IM02014054;APLF_COR_GO_CRM;Work In Progress
IM02014054;APLF_COR_GO_CRM;Work In Progress
IM02014054;APLF_COR_GO_CRM;Work In Progress
IM02014054;APLF_COR_GO_CRM;Work In Progress
IM02014054;APLF_COR_GO_CRM;Work In Progress
IM02014054;APLF_COR_GO_CRM;Work In Progress
IM02014054;APLF_COR_GO_CRM;Work In Progress
IM02012908;ADMF_COR_SIEBEL;Work In Progress
IM02013575;ADMF_COR_SIEBEL;Work In Progress
IM02014042;APLF_COR_CENTRAL_PARQ;Work In Progress
IM02014076;APLF_COR_GO_CRM;Work In Progress
IM02013296;APLF_COR_GO_CRM;Categorize
IM02014054;APLF_COR_GO_CRM;Work In Progress
IM02013013;ADMF_COR_SIEBEL;Work In Progress
IM02012990;APLF_COR_GO_CRM;Work In Progress
IM02013063;USERF_COR_SIEBEL_CC;Categorize
IM02014054;APLF_COR_GO_CRM;Work In Progress
IM02013409;ADMF_COR_SIEBEL;Work In Progress
IM02013378;ADMF_COR_SIEBEL;Work In Progress
IM02013374;ADMF_COR_SIEBEL;Work In Progress
IM02013403;ADMF_COR_SIEBEL;Work In Progress
IM02013984;ADMF_COR_SIEBEL;Work In Progress
IM02014302;ADMF_COR_CMS;Categorize
IM02014309;ADMF_COR_CMS;Categorize
IM02014089;ADMF_COR_SIEBEL;Work In Progress
IM02014335;APLF_COR_GO_CRM;Categorize
IM02014334;APLF_COR_GO_CRM;Categorize
IM02014325;APLF_COR_GO_CRM;Categorize
IM02014321;APLF_COR_GO_CRM;Categorize
IM02014332;APLF_COR_GO_CRM;Categorize
IM02000882;APLF_COR_GO_VTA_ADSL;Categorize
IM02001129;APLF_COR_GO_CRM;Work In Progress
IM02000750;APLF_COR_CATALOGO_E2E;Categorize
IM02003107;APLF_COR_CMS;Pending Other
IM02003107;APLF_COR_CMS;Pending Other
IM02003107;APLF_COR_CMS;Pending Other
IM02003107;APLF_COR_CMS;Pending Other
IM02003107;APLF_COR_CMS;Pending Other
IM02003107;APLF_COR_CMS;Pending Other
IM02006119;APLF_COR_GO_CRM;Work In Progress
IM02007817;APLF_COR_GO_CRM;Rejected
IM02010201;APLF_COR_VENTAS;Categorize
IM02012273;APLF_COR_GO_WOM;Categorize
IM02012273;APLF_COR_GO_WOM;Categorize
IM02010828;ADMF_COR_CMS;Categorize
IM02009151;APLF_COR_GO_MOROSIDAD;Categorize
IM02012936;APLF_COR_CATALOGO_E2E;Work In Progress
IM02013366;ADMF_COR_SIEBEL;Work In Progress
IM02013953;APLF_COR_CATALOGO_E2E;Work In Progress
IM02013459;APLF_COR_CATALOGO_E2E;Work In Progress
IM02013443;APLF_COR_CATALOGO_E2E;Work In Progress
IM02014054;APLF_COR_GO_CRM;Work In Progress
IM02013542;APLF_COR_CATALOGO_E2E;Categorize
IM02014054;APLF_COR_GO_CRM;Work In Progress
IM02011775;ADMF_COR_CMS;Categorize
IM02013973;APLF_COR_CATALOGO_E2E;Work In Progress
IM02011172;APLF_COR_GO_CRM;Work In Progress
IM02014012;ADMF_COR_SIEBEL;Work In Progress
IM02014054;APLF_COR_GO_CRM;Work In Progress
IM02014054;APLF_COR_GO_CRM;Work In Progress
IM02014054;APLF_COR_GO_CRM;Work In Progress
IM02014054;APLF_COR_GO_CRM;Work In Progress
IM02014054;APLF_COR_GO_CRM;Work In Progress
IM02014054;APLF_COR_GO_CRM;Work In Progress
IM02014054;APLF_COR_GO_CRM;Work In Progress
IM02014054;APLF_COR_GO_CRM;Work In Progress
IM02012908;ADMF_COR_SIEBEL;Work In Progress
IM02013575;ADMF_COR_SIEBEL;Work In Progress
IM02014042;APLF_COR_CENTRAL_PARQ;Work In Progress
IM02014076;APLF_COR_GO_CRM;Work In Progress
IM02013296;APLF_COR_GO_CRM;Categorize
IM02014054;APLF_COR_GO_CRM;Work In Progress
IM02013013;ADMF_COR_SIEBEL;Work In Progress
IM02012990;APLF_COR_GO_CRM;Work In Progress
IM02013063;USERF_COR_SIEBEL_CC;Categorize
IM02014054;APLF_COR_GO_CRM;Work In Progress
IM02013409;ADMF_COR_SIEBEL;Work In Progress
IM02013378;ADMF_COR_SIEBEL;Work In Progress
IM02013374;ADMF_COR_SIEBEL;Work In Progress
IM02013403;ADMF_COR_SIEBEL;Work In Progress
IM02013984;ADMF_COR_SIEBEL;Work In Progress
IM02014302;ADMF_COR_CMS;Categorize
IM02014309;ADMF_COR_CMS;Categorize
IM02014089;ADMF_COR_SIEBEL;Work In Progress
IM02014335;APLF_COR_GO_CRM;Categorize
IM02014334;APLF_COR_GO_CRM;Categorize
IM02014325;APLF_COR_GO_CRM;Categorize
IM02014321;APLF_COR_GO_CRM;Categorize
IM02014332;APLF_COR_GO_CRM;Categorize
IM02000882;APLF_COR_GO_VTA_ADSL;Categorize
IM02001129;APLF_COR_GO_CRM;Work In Progress
IM02000750;APLF_COR_CATALOGO_E2E;Categorize
IM02003107;APLF_COR_CMS;Pending Other
IM02003107;APLF_COR_CMS;Pending Other
IM02003107;APLF_COR_CMS;Pending Other
IM02003107;APLF_COR_CMS;Pending Other
IM02003107;APLF_COR_CMS;Pending Other
IM02003107;APLF_COR_CMS;Pending Other
IM02006119;APLF_COR_GO_CRM;Work In Progress
IM02007817;APLF_COR_GO_CRM;Rejected
IM02010201;APLF_COR_VENTAS;Categorize
IM02012273;APLF_COR_GO_WOM;Categorize
IM02012273;APLF_COR_GO_WOM;Categorize
IM02010828;ADMF_COR_CMS;Categorize
IM02009151;APLF_COR_GO_MOROSIDAD;Categorize
IM02012936;APLF_COR_CATALOGO_E2E;Work In Progress
IM02013366;ADMF_COR_SIEBEL;Work In Progress
IM02013953;APLF_COR_CATALOGO_E2E;Work In Progress
IM02013459;APLF_COR_CATALOGO_E2E;Work In Progress
IM02013443;APLF_COR_CATALOGO_E2E;Work In Progress
IM02014054;APLF_COR_GO_CRM;Work In Progress
IM02013542;APLF_COR_CATALOGO_E2E;Categorize
IM02014054;APLF_COR_GO_CRM;Work In Progress
IM02011775;ADMF_COR_CMS;Categorize
IM02013973;APLF_COR_CATALOGO_E2E;Work In Progress
IM02011172;APLF_COR_GO_CRM;Work In Progress
IM02014012;ADMF_COR_SIEBEL;Work In Progress
IM02014054;APLF_COR_GO_CRM;Work In Progress
IM02014054;APLF_COR_GO_CRM;Work In Progress
IM02014054;APLF_COR_GO_CRM;Work In Progress
IM02014054;APLF_COR_GO_CRM;Work In Progress
IM02014054;APLF_COR_GO_CRM;Work In Progress
IM02014054;APLF_COR_GO_CRM;Work In Progress
IM02014054;APLF_COR_GO_CRM;Work In Progress
IM02014054;APLF_COR_GO_CRM;Work In Progress
IM02012908;ADMF_COR_SIEBEL;Work In Progress
IM02013575;ADMF_COR_SIEBEL;Work In Progress
IM02014042;APLF_COR_CENTRAL_PARQ;Work In Progress
IM02014076;APLF_COR_GO_CRM;Work In Progress
IM02013296;APLF_COR_GO_CRM;Categorize
IM02014054;APLF_COR_GO_CRM;Work In Progress
IM02013013;ADMF_COR_SIEBEL;Work In Progress
IM02012990;APLF_COR_GO_CRM;Work In Progress
IM02013063;USERF_COR_SIEBEL_CC;Categorize
IM02014054;APLF_COR_GO_CRM;Work In Progress
IM02013409;ADMF_COR_SIEBEL;Work In Progress
IM02013378;ADMF_COR_SIEBEL;Work In Progress
IM02013374;ADMF_COR_SIEBEL;Work In Progress
IM02013403;ADMF_COR_SIEBEL;Work In Progress
IM02013984;ADMF_COR_SIEBEL;Work In Progress
IM02014302;ADMF_COR_CMS;Categorize
IM02014309;ADMF_COR_CMS;Categorize
IM02014089;ADMF_COR_SIEBEL;Work In Progress
IM02014335;APLF_COR_GO_CRM;Categorize
IM02014334;APLF_COR_GO_CRM;Categorize
IM02014325;APLF_COR_GO_CRM;Categorize
IM02014321;APLF_COR_GO_CRM;Categorize
IM02014332;APLF_COR_GO_CRM;Categorize
IM02000882;APLF_COR_GO_VTA_ADSL;Categorize
IM02001129;APLF_COR_GO_CRM;Work In Progress
IM02000750;APLF_COR_CATALOGO_E2E;Categorize
IM02003107;APLF_COR_CMS;Pending Other
IM02003107;APLF_COR_CMS;Pending Other
IM02003107;APLF_COR_CMS;Pending Other
IM02003107;APLF_COR_CMS;Pending Other
IM02003107;APLF_COR_CMS;Pending Other
IM02003107;APLF_COR_CMS;Pending Other
IM02006119;APLF_COR_GO_CRM;Work In Progress
IM02007817;APLF_COR_GO_CRM;Rejected
IM02010201;APLF_COR_VENTAS;Categorize
IM02012273;APLF_COR_GO_WOM;Categorize
IM02012273;APLF_COR_GO_WOM;Categorize
IM02010828;ADMF_COR_CMS;Categorize
IM02009151;APLF_COR_GO_MOROSIDAD;Categorize
IM02012936;APLF_COR_CATALOGO_E2E;Work In Progress
IM02013366;ADMF_COR_SIEBEL;Work In Progress
IM02013953;APLF_COR_CATALOGO_E2E;Work In Progress
IM02013459;APLF_COR_CATALOGO_E2E;Work In Progress
IM02013443;APLF_COR_CATALOGO_E2E;Work In Progress
IM02014054;APLF_COR_GO_CRM;Work In Progress
IM02013542;APLF_COR_CATALOGO_E2E;Categorize
IM02014054;APLF_COR_GO_CRM;Work In Progress
IM02011775;ADMF_COR_CMS;Categorize
IM02013973;APLF_COR_CATALOGO_E2E;Work In Progress
IM02011172;APLF_COR_GO_CRM;Work In Progress
IM02014012;ADMF_COR_SIEBEL;Work In Progress
IM02014054;APLF_COR_GO_CRM;Work In Progress
IM02014054;APLF_COR_GO_CRM;Work In Progress
IM02014054;APLF_COR_GO_CRM;Work In Progress
IM02014054;APLF_COR_GO_CRM;Work In Progress
IM02014054;APLF_COR_GO_CRM;Work In Progress
IM02014054;APLF_COR_GO_CRM;Work In Progress
IM02014054;APLF_COR_GO_CRM;Work In Progress
IM02014054;APLF_COR_GO_CRM;Work In Progress
IM02012908;ADMF_COR_SIEBEL;Work In Progress
IM02013575;ADMF_COR_SIEBEL;Work In Progress
IM02014042;APLF_COR_CENTRAL_PARQ;Work In Progress
IM02014076;APLF_COR_GO_CRM;Work In Progress
IM02013296;APLF_COR_GO_CRM;Categorize
IM02014054;APLF_COR_GO_CRM;Work In Progress
IM02013013;ADMF_COR_SIEBEL;Work In Progress
IM02012990;APLF_COR_GO_CRM;Work In Progress
IM02013063;USERF_COR_SIEBEL_CC;Categorize
IM02014054;APLF_COR_GO_CRM;Work In Progress
IM02013409;ADMF_COR_SIEBEL;Work In Progress
IM02013378;ADMF_COR_SIEBEL;Work In Progress
IM02013374;ADMF_COR_SIEBEL;Work In Progress
IM02013403;ADMF_COR_SIEBEL;Work In Progress
IM02013984;ADMF_COR_SIEBEL;Work In Progress
IM02014302;ADMF_COR_CMS;Categorize
IM02014309;ADMF_COR_CMS;Categorize
IM02014089;ADMF_COR_SIEBEL;Work In Progress
IM02014335;APLF_COR_GO_CRM;Categorize
IM02014334;APLF_COR_GO_CRM;Categorize
IM02014325;APLF_COR_GO_CRM;Categorize
IM02014321;APLF_COR_GO_CRM;Categorize
IM02014332;APLF_COR_GO_CRM;Categorize
IM02000882;APLF_COR_GO_VTA_ADSL;Categorize
IM02001129;APLF_COR_GO_CRM;Work In Progress
IM02000750;APLF_COR_CATALOGO_E2E;Categorize
IM02003107;APLF_COR_CMS;Pending Other
IM02003107;APLF_COR_CMS;Pending Other
IM02003107;APLF_COR_CMS;Pending Other
IM02003107;APLF_COR_CMS;Pending Other
IM02003107;APLF_COR_CMS;Pending Other
IM02003107;APLF_COR_CMS;Pending Other
IM02006119;APLF_COR_GO_CRM;Work In Progress
IM02007817;APLF_COR_GO_CRM;Rejected
IM02010201;APLF_COR_VENTAS;Categorize
IM02012273;APLF_COR_GO_WOM;Categorize
IM02012273;APLF_COR_GO_WOM;Categorize
IM02010828;ADMF_COR_CMS;Categorize
IM02009151;APLF_COR_GO_MOROSIDAD;Categorize
IM02012936;APLF_COR_CATALOGO_E2E;Work In Progress
IM02013366;ADMF_COR_SIEBEL;Work In Progress
IM02013953;APLF_COR_CATALOGO_E2E;Work In Progress
IM02013459;APLF_COR_CATALOGO_E2E;Work In Progress
IM02013443;APLF_COR_CATALOGO_E2E;Work In Progress
IM02014054;APLF_COR_GO_CRM;Work In Progress
IM02013542;APLF_COR_CATALOGO_E2E;Categorize
IM02014054;APLF_COR_GO_CRM;Work In Progress
IM02011775;ADMF_COR_CMS;Categorize
IM02013973;APLF_COR_CATALOGO_E2E;Work In Progress
IM02011172;APLF_COR_GO_CRM;Work In Progress
IM02014012;ADMF_COR_SIEBEL;Work In Progress
IM02014054;APLF_COR_GO_CRM;Work In Progress
IM02014054;APLF_COR_GO_CRM;Work In Progress
IM02014054;APLF_COR_GO_CRM;Work In Progress
IM02014054;APLF_COR_GO_CRM;Work In Progress
IM02014054;APLF_COR_GO_CRM;Work In Progress
IM02014054;APLF_COR_GO_CRM;Work In Progress
IM02014054;APLF_COR_GO_CRM;Work In Progress
IM02014054;APLF_COR_GO_CRM;Work In Progress
IM02012908;ADMF_COR_SIEBEL;Work In Progress
IM02013575;ADMF_COR_SIEBEL;Work In Progress
IM02014042;APLF_COR_CENTRAL_PARQ;Work In Progress
IM02014076;APLF_COR_GO_CRM;Work In Progress
IM02013296;APLF_COR_GO_CRM;Categorize
IM02014054;APLF_COR_GO_CRM;Work In Progress
IM02013013;ADMF_COR_SIEBEL;Work In Progress
IM02012990;APLF_COR_GO_CRM;Work In Progress
IM02013063;USERF_COR_SIEBEL_CC;Categorize
IM02014054;APLF_COR_GO_CRM;Work In Progress
IM02013409;ADMF_COR_SIEBEL;Work In Progress
IM02013378;ADMF_COR_SIEBEL;Work In Progress
IM02013374;ADMF_COR_SIEBEL;Work In Progress
IM02013403;ADMF_COR_SIEBEL;Work In Progress
IM02013984;ADMF_COR_SIEBEL;Work In Progress
IM02014302;ADMF_COR_CMS;Categorize
IM02014309;ADMF_COR_CMS;Categorize
IM02014089;ADMF_COR_SIEBEL;Work In Progress
IM02014335;APLF_COR_GO_CRM;Categorize
IM02014334;APLF_COR_GO_CRM;Categorize
IM02014325;APLF_COR_GO_CRM;Categorize
IM02014321;APLF_COR_GO_CRM;Categorize
IM02014332;APLF_COR_GO_CRM;Categorize
IM02000882;APLF_COR_GO_VTA_ADSL;Categorize
IM02001129;APLF_COR_GO_CRM;Work In Progress
IM02000750;APLF_COR_CATALOGO_E2E;Categorize
IM02003107;APLF_COR_CMS;Pending Other
IM02003107;APLF_COR_CMS;Pending Other
IM02003107;APLF_COR_CMS;Pending Other
IM02003107;APLF_COR_CMS;Pending Other
IM02003107;APLF_COR_CMS;Pending Other
IM02003107;APLF_COR_CMS;Pending Other
IM02006119;APLF_COR_GO_CRM;Work In Progress
IM02007817;APLF_COR_GO_CRM;Rejected
IM02010201;APLF_COR_VENTAS;Categorize
IM02012273;APLF_COR_GO_WOM;Categorize
IM02012273;APLF_COR_GO_WOM;Categorize
IM02010828;ADMF_COR_CMS;Categorize
IM02009151;APLF_COR_GO_MOROSIDAD;Categorize
IM02012936;APLF_COR_CATALOGO_E2E;Work In Progress
IM02013366;ADMF_COR_SIEBEL;Work In Progress
IM02013953;APLF_COR_CATALOGO_E2E;Work In Progress
IM02013459;APLF_COR_CATALOGO_E2E;Work In Progress
IM02013443;APLF_COR_CATALOGO_E2E;Work In Progress
IM02014054;APLF_COR_GO_CRM;Work In Progress
IM02013542;APLF_COR_CATALOGO_E2E;Categorize
IM02014054;APLF_COR_GO_CRM;Work In Progress
IM02011775;ADMF_COR_CMS;Categorize
IM02013973;APLF_COR_CATALOGO_E2E;Work In Progress
IM02011172;APLF_COR_GO_CRM;Work In Progress
IM02014012;ADMF_COR_SIEBEL;Work In Progress
IM02014054;APLF_COR_GO_CRM;Work In Progress
IM02014054;APLF_COR_GO_CRM;Work In Progress
IM02014054;APLF_COR_GO_CRM;Work In Progress
IM02014054;APLF_COR_GO_CRM;Work In Progress
IM02014054;APLF_COR_GO_CRM;Work In Progress
IM02014054;APLF_COR_GO_CRM;Work In Progress
IM02014054;APLF_COR_GO_CRM;Work In Progress
IM02014054;APLF_COR_GO_CRM;Work In Progress
IM02012908;ADMF_COR_SIEBEL;Work In Progress
IM02013575;ADMF_COR_SIEBEL;Work In Progress
IM02014042;APLF_COR_CENTRAL_PARQ;Work In Progress
IM02014076;APLF_COR_GO_CRM;Work In Progress
IM02013296;APLF_COR_GO_CRM;Categorize
IM02014054;APLF_COR_GO_CRM;Work In Progress
IM02013013;ADMF_COR_SIEBEL;Work In Progress
IM02012990;APLF_COR_GO_CRM;Work In Progress
IM02013063;USERF_COR_SIEBEL_CC;Categorize
IM02014054;APLF_COR_GO_CRM;Work In Progress
IM02013409;ADMF_COR_SIEBEL;Work In Progress
IM02013378;ADMF_COR_SIEBEL;Work In Progress
IM02013374;ADMF_COR_SIEBEL;Work In Progress
IM02013403;ADMF_COR_SIEBEL;Work In Progress
IM02013984;ADMF_COR_SIEBEL;Work In Progress
IM02014302;ADMF_COR_CMS;Categorize
IM02014309;ADMF_COR_CMS;Categorize
IM02014089;ADMF_COR_SIEBEL;Work In Progress
IM02014335;APLF_COR_GO_CRM;Categorize
IM02014334;APLF_COR_GO_CRM;Categorize
IM02014325;APLF_COR_GO_CRM;Categorize
IM02014321;APLF_COR_GO_CRM;Categorize
IM02014332;APLF_COR_GO_CRM;Categorize
IM02000882;APLF_COR_GO_VTA_ADSL;Categorize
IM02001129;APLF_COR_GO_CRM;Work In Progress
IM02000750;APLF_COR_CATALOGO_E2E;Categorize
IM02003107;APLF_COR_CMS;Pending Other
IM02003107;APLF_COR_CMS;Pending Other
IM02003107;APLF_COR_CMS;Pending Other
IM02003107;APLF_COR_CMS;Pending Other
IM02003107;APLF_COR_CMS;Pending Other
IM02003107;APLF_COR_CMS;Pending Other
IM02006119;ADMF_COR_ADSL_VENTAS;Categorize
IM02007817;APLF_COR_GO_CRM;Rejected
IM02010201;APLF_COR_VENTAS;Categorize
IM02012273;APLF_COR_GO_WOM;Categorize
IM02012273;APLF_COR_GO_WOM;Categorize
IM02010828;ADMF_COR_CMS;Categorize
IM02009151;APLF_COR_GO_MOROSIDAD;Categorize
IM02012936;APLF_COR_CATALOGO_E2E;Work In Progress
IM02013953;APLF_COR_CATALOGO_E2E;Work In Progress
IM02013459;APLF_COR_CATALOGO_E2E;Work In Progress
IM02013443;APLF_COR_CATALOGO_E2E;Work In Progress
IM02014054;APLF_COR_GO_CRM;Work In Progress
IM02013542;APLF_COR_CATALOGO_E2E;Categorize
IM02014054;APLF_COR_GO_CRM;Work In Progress
IM02011775;ADMF_COR_CMS;Categorize
IM02013973;APLF_COR_CATALOGO_E2E;Work In Progress
IM02011172;APLF_COR_GO_CRM;Work In Progress
IM02014054;APLF_COR_GO_CRM;Work In Progress
IM02014054;APLF_COR_GO_CRM;Work In Progress
IM02014054;APLF_COR_GO_CRM;Work In Progress
IM02014054;APLF_COR_GO_CRM;Work In Progress
IM02014054;APLF_COR_GO_CRM;Work In Progress
IM02014054;APLF_COR_GO_CRM;Work In Progress
IM02014054;APLF_COR_GO_CRM;Work In Progress
IM02014054;APLF_COR_GO_CRM;Work In Progress
IM02013575;ADMF_COR_SIEBEL;Work In Progress
IM02014042;APLF_COR_CENTRAL_PARQ;Work In Progress
IM02014076;ADMF_COR_GCC;Categorize
IM02013296;APLF_COR_GO_CRM;Categorize
IM02014054;APLF_COR_GO_CRM;Work In Progress
IM02012990;USERF_COR_SIEBEL_CC;Categorize
IM02013063;USERF_COR_SIEBEL_CC;Categorize
IM02014054;APLF_COR_GO_CRM;Work In Progress
IM02013409;ADMF_COR_SIEBEL;Work In Progress
IM02013984;ADMF_COR_SIEBEL;Work In Progress
IM02014302;ADMF_COR_CMS;Categorize
IM02014309;ADMF_COR_CMS;Categorize
IM02000882;APLF_COR_GO_VTA_ADSL;Categorize
IM02001129;APLF_COR_GO_CRM;Work In Progress
IM02000750;APLF_COR_CATALOGO_E2E;Categorize
IM02003107;APLF_COR_CMS;Pending Other
IM02003107;APLF_COR_CMS;Pending Other
IM02003107;APLF_COR_CMS;Pending Other
IM02003107;APLF_COR_CMS;Pending Other
IM02003107;APLF_COR_CMS;Pending Other
IM02003107;APLF_COR_CMS;Pending Other
IM02006119;ADMF_COR_ADSL_VENTAS;Categorize
IM02007817;APLF_COR_GO_CRM;Rejected
IM02010201;APLF_COR_VENTAS;Categorize
IM02012273;APLF_COR_GO_WOM;Categorize
IM02012273;APLF_COR_GO_WOM;Categorize
IM02010828;ADMF_COR_CMS;Categorize
IM02009151;APLF_COR_GO_MOROSIDAD;Categorize
IM02012936;APLF_COR_CATALOGO_E2E;Work In Progress
IM02013953;APLF_COR_CATALOGO_E2E;Work In Progress
IM02013459;APLF_COR_CATALOGO_E2E;Work In Progress
IM02013443;APLF_COR_CATALOGO_E2E;Work In Progress
IM02014054;APLF_COR_GO_CRM;Work In Progress
IM02013542;APLF_COR_CATALOGO_E2E;Categorize
IM02014054;APLF_COR_GO_CRM;Work In Progress
IM02011775;ADMF_COR_CMS;Categorize
IM02013973;APLF_COR_CATALOGO_E2E;Work In Progress
IM02011172;APLF_COR_GO_CRM;Work In Progress
IM02014054;APLF_COR_GO_CRM;Work In Progress
IM02014054;APLF_COR_GO_CRM;Work In Progress
IM02014054;APLF_COR_GO_CRM;Work In Progress
IM02014054;APLF_COR_GO_CRM;Work In Progress
IM02014054;APLF_COR_GO_CRM;Work In Progress
IM02014054;APLF_COR_GO_CRM;Work In Progress
IM02014054;APLF_COR_GO_CRM;Work In Progress
IM02014054;APLF_COR_GO_CRM;Work In Progress
IM02013575;ADMF_COR_SIEBEL;Work In Progress
IM02014042;APLF_COR_CENTRAL_PARQ;Work In Progress
IM02014076;ADMF_COR_GCC;Categorize
IM02013296;APLF_COR_GO_CRM;Categorize
IM02014054;APLF_COR_GO_CRM;Work In Progress
IM02012990;USERF_COR_SIEBEL_CC;Categorize
IM02013063;USERF_COR_SIEBEL_CC;Categorize
IM02014054;APLF_COR_GO_CRM;Work In Progress
IM02013409;ADMF_COR_SIEBEL;Work In Progress
IM02013984;ADMF_COR_SIEBEL;Work In Progress
IM02014302;ADMF_COR_CMS;Categorize
IM02014309;ADMF_COR_CMS;Categorize
IM02014804;APLF_COR_CENTRAL_PARQ;Categorize
IM02014784;APLF_COR_GO_CRM;Work In Progress
IM02014930;APLF_COR_CATALOGO_E2E;Work In Progress
IM02000882;APLF_COR_GO_VTA_ADSL;Categorize
IM02001129;APLF_COR_GO_CRM;Work In Progress
IM02000750;APLF_COR_CATALOGO_E2E;Categorize
IM02003107;APLF_COR_CMS;Pending Other
IM02003107;APLF_COR_CMS;Pending Other
IM02003107;APLF_COR_CMS;Pending Other
IM02003107;APLF_COR_CMS;Pending Other
IM02003107;APLF_COR_CMS;Pending Other
IM02003107;APLF_COR_CMS;Pending Other
IM02006119;ADMF_COR_ADSL_VENTAS;Categorize
IM02007817;APLF_COR_GO_CRM;Rejected
IM02010201;APLF_COR_VENTAS;Categorize
IM02012273;APLF_COR_GO_WOM;Categorize
IM02012273;APLF_COR_GO_WOM;Categorize
IM02010828;ADMF_COR_CMS;Categorize
IM02009151;APLF_COR_GO_MOROSIDAD;Categorize
IM02012936;APLF_COR_CATALOGO_E2E;Work In Progress
IM02013953;APLF_COR_CATALOGO_E2E;Work In Progress
IM02013459;APLF_COR_CATALOGO_E2E;Work In Progress
IM02013443;APLF_COR_CATALOGO_E2E;Work In Progress
IM02014054;APLF_COR_GO_CRM;Work In Progress
IM02013542;APLF_COR_CATALOGO_E2E;Categorize
IM02014054;APLF_COR_GO_CRM;Work In Progress
IM02011775;ADMF_COR_CMS;Categorize
IM02013973;APLF_COR_CATALOGO_E2E;Work In Progress
IM02011172;APLF_COR_GO_CRM;Work In Progress
IM02014054;APLF_COR_GO_CRM;Work In Progress
IM02014054;APLF_COR_GO_CRM;Work In Progress
IM02014054;APLF_COR_GO_CRM;Work In Progress
IM02014054;APLF_COR_GO_CRM;Work In Progress
IM02014054;APLF_COR_GO_CRM;Work In Progress
IM02014054;APLF_COR_GO_CRM;Work In Progress
IM02014054;APLF_COR_GO_CRM;Work In Progress
IM02014054;APLF_COR_GO_CRM;Work In Progress
IM02013575;ADMF_COR_SIEBEL;Work In Progress
IM02014042;APLF_COR_GO_CRM;Categorize
IM02014076;ADMF_COR_GCC;Categorize
IM02013296;APLF_COR_GO_CRM;Categorize
IM02014054;APLF_COR_GO_CRM;Work In Progress
IM02012990;USERF_COR_SIEBEL_CC;Categorize
IM02013063;USERF_COR_SIEBEL_CC;Categorize
IM02014054;APLF_COR_GO_CRM;Work In Progress
IM02013409;ADMF_COR_SIEBEL;Work In Progress
IM02013984;ADMF_COR_SIEBEL;Work In Progress
IM02014302;ADMF_COR_CMS;Categorize
IM02014309;ADMF_COR_CMS;Categorize
IM02014804;APLF_COR_GO_CRM;Categorize
IM02014784;APLF_COR_GO_CRM;Work In Progress
IM02014930;APLF_COR_CATALOGO_E2E;Work In Progress
IM02000882;APLF_COR_GO_VTA_ADSL;Categorize
IM02001129;APLF_COR_GO_CRM;Work In Progress
IM02000750;APLF_COR_CATALOGO_E2E;Categorize
IM02003107;APLF_COR_CMS;Pending Other
IM02003107;APLF_COR_CMS;Pending Other
IM02003107;APLF_COR_CMS;Pending Other
IM02003107;APLF_COR_CMS;Pending Other
IM02003107;APLF_COR_CMS;Pending Other
IM02003107;APLF_COR_CMS;Pending Other
IM02006119;ADMF_COR_ADSL_VENTAS;Categorize
IM02010201;APLF_COR_VENTAS;Categorize
IM02012273;APLF_COR_GO_WOM;Categorize
IM02012273;APLF_COR_GO_WOM;Categorize
IM02010828;ADMF_COR_CMS;Categorize
IM02012936;APLF_COR_CATALOGO_E2E;Work In Progress
IM02013953;APLF_COR_CATALOGO_E2E;Work In Progress
IM02013459;APLF_COR_CATALOGO_E2E;Work In Progress
IM02013443;APLF_COR_CATALOGO_E2E;Work In Progress
IM02014054;APLF_COR_GO_CRM;Work In Progress
IM02013542;APLF_COR_CATALOGO_E2E;Categorize
IM02014054;APLF_COR_GO_CRM;Work In Progress
IM02011775;ADMF_COR_CMS;Categorize
IM02013973;APLF_COR_CATALOGO_E2E;Work In Progress
IM02011172;APLF_COR_GO_CRM;Work In Progress
IM02014054;APLF_COR_GO_CRM;Work In Progress
IM02014054;APLF_COR_GO_CRM;Work In Progress
IM02014054;APLF_COR_GO_CRM;Work In Progress
IM02014054;APLF_COR_GO_CRM;Work In Progress
IM02014054;APLF_COR_GO_CRM;Work In Progress
IM02014054;APLF_COR_GO_CRM;Work In Progress
IM02014054;APLF_COR_GO_CRM;Work In Progress
IM02014054;APLF_COR_GO_CRM;Work In Progress
IM02013575;ADMF_COR_SIEBEL;Work In Progress
IM02014042;APLF_COR_GO_CRM;Work In Progress
IM02013296;APLF_COR_GO_CRM;Categorize
IM02014054;APLF_COR_GO_CRM;Work In Progress
IM02012990;APLF_COR_GO_CRM;Categorize
IM02013063;APLF_COR_GO_CRM;Work In Progress
IM02014054;APLF_COR_GO_CRM;Work In Progress
IM02013409;ADMF_COR_SIEBEL;Work In Progress
IM02013984;ADMF_COR_SIEBEL;Work In Progress
IM02014302;ADMF_COR_CMS;Categorize
IM02014309;ADMF_COR_CMS;Categorize
IM02014804;APLF_COR_GO_CRM;Work In Progress
IM02014930;APLF_COR_CATALOGO_E2E;Work In Progress
IM02000882;APLF_COR_GO_VTA_ADSL;Categorize
IM02001129;APLF_COR_GO_CRM;Work In Progress
IM02000750;APLF_COR_GO_CRM;Categorize
IM02003107;APLF_COR_CMS;Pending Other
IM02003107;APLF_COR_CMS;Pending Other
IM02003107;APLF_COR_CMS;Pending Other
IM02003107;APLF_COR_CMS;Pending Other
IM02003107;APLF_COR_CMS;Pending Other
IM02003107;APLF_COR_CMS;Pending Other
IM02006119;ADMF_COR_ADSL_VENTAS;Categorize
IM02010201;APLF_COR_VENTAS;Categorize
IM02012273;APLF_COR_GO_WOM;Categorize
IM02012273;APLF_COR_GO_WOM;Categorize
IM02010828;ADMF_COR_CMS;Categorize
IM02012936;APLF_COR_CATALOGO_E2E;Work In Progress
IM02013953;APLF_COR_CATALOGO_E2E;Work In Progress
IM02013459;APLF_COR_CATALOGO_E2E;Work In Progress
IM02013443;APLF_COR_GO_CRM;Categorize
IM02014054;APLF_COR_GO_CRM;Work In Progress
IM02013542;APLF_COR_CATALOGO_E2E;Categorize
IM02014054;APLF_COR_GO_CRM;Work In Progress
IM02011775;ADMF_COR_CMS;Categorize
IM02013973;APLF_COR_GO_CRM;Categorize
IM02011172;APLF_COR_GO_CRM;Work In Progress
IM02015099;ADMF_COR_SIEBEL;Categorize
IM02014054;APLF_COR_GO_CRM;Work In Progress
IM02014054;APLF_COR_GO_CRM;Work In Progress
IM02014054;APLF_COR_GO_CRM;Work In Progress
IM02014054;APLF_COR_GO_CRM;Work In Progress
IM02014054;APLF_COR_GO_CRM;Work In Progress
IM02014054;APLF_COR_GO_CRM;Work In Progress
IM02014054;APLF_COR_GO_CRM;Work In Progress
IM02014054;APLF_COR_GO_CRM;Work In Progress
IM02013575;ADMF_COR_SIEBEL;Work In Progress
IM02014042;APLF_COR_GO_CRM;Work In Progress
IM02013296;APLF_COR_GO_CRM;Categorize
IM02014054;APLF_COR_GO_CRM;Work In Progress
IM02012990;APLF_COR_GO_CRM;Categorize
IM02013063;APLF_COR_GO_CRM;Work In Progress
IM02014054;APLF_COR_GO_CRM;Work In Progress
IM02013409;ADMF_COR_SIEBEL;Work In Progress
IM02013984;ADMF_COR_SIEBEL;Work In Progress
IM02014302;ADMF_COR_CMS;Categorize
IM02014309;ADMF_COR_CMS;Categorize
IM02014804;APLF_COR_GO_CRM;Work In Progress
IM02014930;APLF_COR_CATALOGO_E2E;Work In Progress
IM02015334;APLF_COR_CENTRAL_PARQ;Work In Progress
IM02000882;APLF_COR_GO_VTA_ADSL;Categorize
IM02001129;APLF_COR_GO_CRM;Work In Progress
IM02000750;APLF_COR_GO_CRM;Categorize
IM02003107;APLF_COR_CMS;Pending Other
IM02003107;APLF_COR_CMS;Pending Other
IM02003107;APLF_COR_CMS;Pending Other
IM02003107;APLF_COR_CMS;Pending Other
IM02003107;APLF_COR_CMS;Pending Other
IM02003107;APLF_COR_CMS;Pending Other
IM02006119;ADMF_COR_ADSL_VENTAS;Categorize
IM02010201;APLF_COR_VENTAS;Categorize
IM02012273;APLF_COR_GO_WOM;Categorize
IM02012273;APLF_COR_GO_WOM;Categorize
IM02010828;ADMF_COR_CMS;Categorize
IM02012936;APLF_COR_CATALOGO_E2E;Work In Progress
IM02013953;APLF_COR_CATALOGO_E2E;Work In Progress
IM02013459;APLF_COR_CATALOGO_E2E;Work In Progress
IM02013443;APLF_COR_GO_CRM;Categorize
IM02013542;APLF_COR_CATALOGO_E2E;Categorize
IM02011775;ADMF_COR_CMS;Categorize
IM02013973;APLF_COR_GO_CRM;Categorize
IM02011172;APLF_COR_GO_CRM;Work In Progress
IM02015099;ADMF_COR_SIEBEL;Categorize
IM02013575;ADMF_COR_SIEBEL;Work In Progress
IM02014042;APLF_COR_GO_CRM;Work In Progress
IM02013296;APLF_COR_GO_CRM;Categorize
IM02012990;APLF_COR_GO_CRM;Categorize
IM02013063;APLF_COR_GO_CRM;Work In Progress
IM02013409;ADMF_COR_SIEBEL;Work In Progress
IM02013984;ADMF_COR_SIEBEL;Work In Progress
IM02014302;ADMF_COR_CMS;Categorize
IM02014309;ADMF_COR_CMS;Categorize
IM02014804;APLF_COR_GO_CRM;Work In Progress
IM02014930;APLF_COR_CATALOGO_E2E;Work In Progress
IM02015334;APLF_COR_GO_CRM;Categorize
IM02015471;APLF_COR_GO_CRM;Work In Progress
IM02015470;APLF_COR_GO_CRM;Work In Progress
IM02000882;APLF_COR_GO_VTA_ADSL;Categorize
IM02001129;APLF_COR_GO_CRM;Work In Progress
IM02000750;ADMF_COR_SIEBEL;Categorize
IM02003107;APLF_COR_CMS;Pending Other
IM02003107;APLF_COR_CMS;Pending Other
IM02003107;APLF_COR_CMS;Pending Other
IM02003107;APLF_COR_CMS;Pending Other
IM02003107;APLF_COR_CMS;Pending Other
IM02003107;APLF_COR_CMS;Pending Other
IM02006119;ADMF_COR_ADSL_VENTAS;Categorize
IM02010201;APLF_COR_VENTAS;Categorize
IM02012273;APLF_COR_GO_WOM;Categorize
IM02012273;APLF_COR_GO_WOM;Categorize
IM02010828;ADMF_COR_CMS;Categorize
IM02012936;APLF_COR_CATALOGO_E2E;Work In Progress
IM02013953;APLF_COR_CATALOGO_E2E;Work In Progress
IM02013459;APLF_COR_CATALOGO_E2E;Work In Progress
IM02013542;APLF_COR_CATALOGO_E2E;Categorize
IM02011775;ADMF_COR_CMS;Categorize
IM02011172;APLF_COR_GO_CRM;Work In Progress
IM02015099;ADMF_COR_SIEBEL;Categorize
IM02013575;ADMF_COR_SIEBEL;Work In Progress
IM02013296;APLF_COR_GO_CRM;Categorize
IM02012990;APLF_COR_GO_CRM;Work In Progress
IM02013063;APLF_COR_GO_CRM;Work In Progress
IM02013409;ADMF_COR_SIEBEL;Work In Progress
IM02014302;ADMF_COR_CMS;Categorize
IM02014309;ADMF_COR_CMS;Categorize
IM02014930;APLF_COR_CATALOGO_E2E;Work In Progress
IM02015471;APLF_COR_GO_CRM;Work In Progress
IM02000882;APLF_COR_GO_VTA_ADSL;Categorize
IM02001129;APLF_COR_GO_CRM;Work In Progress
IM02000750;ADMF_COR_SIEBEL;Categorize
IM02003107;APLF_COR_GIRAFE;Categorize
IM02003107;APLF_COR_GIRAFE;Categorize
IM02003107;APLF_COR_GIRAFE;Categorize
IM02003107;APLF_COR_GIRAFE;Categorize
IM02003107;APLF_COR_GIRAFE;Categorize
IM02003107;APLF_COR_GIRAFE;Categorize
IM02006119;ADMF_COR_ADSL_VENTAS;Categorize
IM02010201;APLF_COR_VENTAS;Categorize
IM02012273;APLF_COR_GO_WOM;Categorize
IM02012273;APLF_COR_GO_WOM;Categorize
IM02010828;ADMF_COR_CMS;Categorize
IM02012936;APLF_COR_CATALOGO_E2E;Work In Progress
IM02013953;APLF_COR_CATALOGO_E2E;Work In Progress
IM02013542;APLF_COR_CATALOGO_E2E;Categorize
IM02011775;ADMF_COR_CMS;Categorize
IM02015099;ADMF_COR_SIEBEL;Categorize
IM02013575;ADMF_COR_SIEBEL;Work In Progress
IM02013296;APLF_COR_GO_CRM;Categorize
IM02012990;APLF_COR_GO_CRM;Work In Progress
IM02013063;APLF_COR_GO_CRM;Work In Progress
IM02013409;ADMF_COR_SIEBEL;Work In Progress
IM02014302;ADMF_COR_CMS;Categorize
IM02014309;ADMF_COR_CMS;Categorize
IM02014930;APLF_COR_CATALOGO_E2E;Work In Progress
IM02015471;APLF_COR_GO_CRM;Work In Progress
IM02000882;APLF_COR_GO_VTA_ADSL;Categorize
IM02001129;APLF_COR_GO_CRM;Work In Progress
IM02000750;ADMF_COR_SIEBEL;Categorize
IM02003107;APLF_COR_GIRAFE;Categorize
IM02003107;APLF_COR_GIRAFE;Categorize
IM02003107;APLF_COR_GIRAFE;Categorize
IM02003107;APLF_COR_GIRAFE;Categorize
IM02003107;APLF_COR_GIRAFE;Categorize
IM02003107;APLF_COR_GIRAFE;Categorize
IM02006119;ADMF_COR_ADSL_VENTAS;Categorize
IM02010201;APLF_COR_VENTAS;Categorize
IM02012273;APLF_COR_GO_WOM;Categorize
IM02012273;APLF_COR_GO_WOM;Categorize
IM02010828;ADMF_COR_CMS;Categorize
IM02012936;APLF_COR_CATALOGO_E2E;Work In Progress
IM02013953;APLF_COR_CATALOGO_E2E;Work In Progress
IM02013542;APLF_COR_CATALOGO_E2E;Categorize
IM02011775;ADMF_COR_CMS;Categorize
IM02015099;ADMF_COR_SIEBEL;Categorize
IM02013575;ADMF_COR_SIEBEL;Work In Progress
IM02013296;APLF_COR_GO_CRM;Categorize
IM02012990;APLF_COR_GO_CRM;Work In Progress
IM02013063;APLF_COR_GO_CRM;Work In Progress
IM02013409;ADMF_COR_SIEBEL;Work In Progress
IM02014302;ADMF_COR_CMS;Categorize
IM02014309;ADMF_COR_CMS;Categorize
IM02014930;APLF_COR_CATALOGO_E2E;Work In Progress
IM02015471;APLF_COR_GO_CRM;Work In Progress
IM02000882;APLF_COR_GO_VTA_ADSL;Categorize
IM02001129;APLF_COR_GO_CRM;Work In Progress
IM02000750;ADMF_COR_SIEBEL;Categorize
IM02003107;APLF_COR_GIRAFE;Categorize
IM02003107;APLF_COR_GIRAFE;Categorize
IM02003107;APLF_COR_GIRAFE;Categorize
IM02003107;APLF_COR_GIRAFE;Categorize
IM02003107;APLF_COR_GIRAFE;Categorize
IM02003107;APLF_COR_GIRAFE;Categorize
IM02006119;ADMF_COR_ADSL_VENTAS;Categorize
IM02010201;APLF_COR_VENTAS;Categorize
IM02012273;APLF_COR_GO_WOM;Categorize
IM02012273;APLF_COR_GO_WOM;Categorize
IM02010828;ADMF_COR_CMS;Categorize
IM02012936;APLF_COR_CATALOGO_E2E;Work In Progress
IM02013953;APLF_COR_CATALOGO_E2E;Work In Progress
IM02013542;APLF_COR_CATALOGO_E2E;Categorize
IM02011775;ADMF_COR_CMS;Categorize
IM02015099;ADMF_COR_SIEBEL;Categorize
IM02013575;ADMF_COR_SIEBEL;Work In Progress
IM02013296;APLF_COR_GO_CRM;Categorize
IM02013063;APLF_COR_GO_CRM;Pending Customer
IM02013409;ADMF_COR_SIEBEL;Work In Progress
IM02014302;ADMF_COR_CMS;Categorize
IM02014309;ADMF_COR_CMS;Categorize
IM02014930;APLF_COR_CATALOGO_E2E;Work In Progress
IM02000882;APLF_COR_GO_VTA_ADSL;Categorize
IM02001129;APLF_COR_GO_CRM;Work In Progress
IM02000750;ADMF_COR_SIEBEL;Categorize
IM02003107;APLF_COR_GIRAFE;Categorize
IM02003107;APLF_COR_GIRAFE;Categorize
IM02003107;APLF_COR_GIRAFE;Categorize
IM02003107;APLF_COR_GIRAFE;Categorize
IM02003107;APLF_COR_GIRAFE;Categorize
IM02003107;APLF_COR_GIRAFE;Categorize
IM02006119;ADMF_COR_ADSL_VENTAS;Categorize
IM02010201;APLF_COR_VENTAS;Categorize
IM02012273;APLF_COR_GO_WOM;Categorize
IM02012273;APLF_COR_GO_WOM;Categorize
IM02010828;ADMF_COR_CMS;Categorize
IM02012936;APLF_COR_CATALOGO_E2E;Work In Progress
IM02013953;APLF_COR_CATALOGO_E2E;Work In Progress
IM02013542;APLF_COR_CATALOGO_E2E;Categorize
IM02011775;ADMF_COR_CMS;Categorize
IM02015099;ADMF_COR_SIEBEL;Categorize
IM02013575;ADMF_COR_SIEBEL;Work In Progress
IM02013296;APLF_COR_GO_CRM;Categorize
IM02013063;APLF_COR_GO_CRM;Pending Customer
IM02013409;ADMF_COR_SIEBEL;Work In Progress
IM02014302;ADMF_COR_CMS;Categorize
IM02014309;ADMF_COR_CMS;Categorize
IM02014930;APLF_COR_CATALOGO_E2E;Work In Progress
IM02016217;APLF_COR_GO_CRM;Categorize
IM02000882;APLF_COR_GO_VTA_ADSL;Categorize
IM02001129;APLF_COR_GO_CRM;Work In Progress
IM02000750;ADMF_COR_SIEBEL;Categorize
IM02003107;APLF_COR_GIRAFE;Categorize
IM02003107;APLF_COR_GIRAFE;Categorize
IM02003107;APLF_COR_GIRAFE;Categorize
IM02003107;APLF_COR_GIRAFE;Categorize
IM02003107;APLF_COR_GIRAFE;Categorize
IM02003107;APLF_COR_GIRAFE;Categorize
IM02006119;ADMF_COR_ADSL_VENTAS;Categorize
IM02010201;APLF_COR_VENTAS;Categorize
IM02012273;APLF_COR_GO_WOM;Categorize
IM02012273;APLF_COR_GO_WOM;Categorize
IM02010828;ADMF_COR_CMS;Categorize
IM02012936;APLF_COR_CATALOGO_E2E;Work In Progress
IM02013953;APLF_COR_CATALOGO_E2E;Work In Progress
IM02013542;APLF_COR_CATALOGO_E2E;Categorize
IM02011775;ADMF_COR_CMS;Categorize
IM02015099;ADMF_COR_SIEBEL;Categorize
IM02013575;ADMF_COR_SIEBEL;Work In Progress
IM02013296;APLF_COR_GO_CRM;Categorize
IM02013063;APLF_COR_GO_CRM;Pending Customer
IM02013409;ADMF_COR_SIEBEL;Work In Progress
IM02014302;ADMF_COR_CMS;Categorize
IM02014309;ADMF_COR_CMS;Categorize
IM02014930;APLF_COR_CATALOGO_E2E;Work In Progress
IM02016217;APLF_COR_GO_CRM;Categorize
IM02000882;APLF_COR_GO_VTA_ADSL;Categorize
IM02001129;APLF_COR_GO_CRM;Work In Progress
IM02000750;ADMF_COR_SIEBEL;Categorize
IM02003107;APLF_COR_GIRAFE;Categorize
IM02003107;APLF_COR_GIRAFE;Categorize
IM02003107;APLF_COR_GIRAFE;Categorize
IM02003107;APLF_COR_GIRAFE;Categorize
IM02003107;APLF_COR_GIRAFE;Categorize
IM02003107;APLF_COR_GIRAFE;Categorize
IM02006119;ADMF_COR_ADSL_VENTAS;Categorize
IM02010201;APLF_COR_VENTAS;Categorize
IM02012273;APLF_COR_GO_WOM;Categorize
IM02012273;APLF_COR_GO_WOM;Categorize
IM02010828;ADMF_COR_CMS;Categorize
IM02012936;APLF_COR_CATALOGO_E2E;Work In Progress
IM02013953;APLF_COR_CATALOGO_E2E;Work In Progress
IM02013542;APLF_COR_CATALOGO_E2E;Categorize
IM02011775;ADMF_COR_CMS;Categorize
IM02015099;ADMF_COR_SIEBEL;Categorize
IM02013575;ADMF_COR_SIEBEL;Work In Progress
IM02013296;APLF_COR_GO_CRM;Categorize
IM02013063;APLF_COR_GO_CRM;Pending Customer
IM02013409;ADMF_COR_SIEBEL;Work In Progress
IM02014302;ADMF_COR_CMS;Categorize
IM02014309;ADMF_COR_CMS;Categorize
IM02014930;APLF_COR_CATALOGO_E2E;Work In Progress
IM02016217;APLF_COR_GO_CRM;Categorize
IM02000882;APLF_COR_GO_VTA_ADSL;Categorize
IM02001129;APLF_COR_GO_CRM;Work In Progress
IM02000750;ADMF_COR_SIEBEL;Categorize
IM02003107;APLF_COR_GIRAFE;Categorize
IM02003107;APLF_COR_GIRAFE;Categorize
IM02003107;APLF_COR_GIRAFE;Categorize
IM02003107;APLF_COR_GIRAFE;Categorize
IM02003107;APLF_COR_GIRAFE;Categorize
IM02003107;APLF_COR_GIRAFE;Categorize
IM02006119;ADMF_COR_ADSL_VENTAS;Categorize
IM02010201;APLF_COR_VENTAS;Categorize
IM02012273;APLF_COR_GO_WOM;Categorize
IM02012273;APLF_COR_GO_WOM;Categorize
IM02010828;ADMF_COR_CMS;Categorize
IM02012936;APLF_COR_CATALOGO_E2E;Work In Progress
IM02013953;APLF_COR_CATALOGO_E2E;Work In Progress
IM02013542;APLF_COR_CATALOGO_E2E;Categorize
IM02011775;ADMF_COR_CMS;Categorize
IM02015099;ADMF_COR_SIEBEL;Categorize
IM02013575;ADMF_COR_SIEBEL;Work In Progress
IM02013296;APLF_COR_GO_CRM;Categorize
IM02013063;APLF_COR_GO_CRM;Pending Customer
IM02013409;ADMF_COR_SIEBEL;Work In Progress
IM02014302;ADMF_COR_CMS;Categorize
IM02014309;ADMF_COR_CMS;Categorize
IM02014930;APLF_COR_CATALOGO_E2E;Work In Progress
IM02016217;APLF_COR_GO_CRM;Categorize
IM02000882;APLF_COR_GO_VTA_ADSL;Categorize
IM02001129;APLF_COR_GO_CRM;Work In Progress
IM02000750;ADMF_COR_SIEBEL;Categorize
IM02003107;APLF_COR_GIRAFE;Categorize
IM02003107;APLF_COR_GIRAFE;Categorize
IM02003107;APLF_COR_GIRAFE;Categorize
IM02003107;APLF_COR_GIRAFE;Categorize
IM02003107;APLF_COR_GIRAFE;Categorize
IM02003107;APLF_COR_GIRAFE;Categorize
IM02006119;ADMF_COR_ADSL_VENTAS;Categorize
IM02010201;APLF_COR_VENTAS;Categorize
IM02012273;APLF_COR_GO_WOM;Categorize
IM02012273;APLF_COR_GO_WOM;Categorize
IM02010828;ADMF_COR_CMS;Categorize
IM02012936;APLF_COR_CATALOGO_E2E;Work In Progress
IM02013953;APLF_COR_CATALOGO_E2E;Work In Progress
IM02013542;APLF_COR_CATALOGO_E2E;Categorize
IM02011775;ADMF_COR_CMS;Categorize
IM02015099;ADMF_COR_SIEBEL;Categorize
IM02013575;ADMF_COR_SIEBEL;Work In Progress
IM02013296;APLF_COR_GO_CRM;Categorize
IM02013063;APLF_COR_GO_CRM;Pending Customer
IM02013409;ADMF_COR_SIEBEL;Work In Progress
IM02014302;ADMF_COR_CMS;Categorize
IM02014309;ADMF_COR_CMS;Categorize
IM02014930;APLF_COR_CATALOGO_E2E;Work In Progress
IM02016217;APLF_COR_GO_CRM;Categorize
IM02000882;APLF_COR_GO_VTA_ADSL;Categorize
IM02001129;APLF_COR_GO_CRM;Work In Progress
IM02000750;ADMF_COR_SIEBEL;Categorize
IM02003107;APLF_COR_GIRAFE;Categorize
IM02003107;APLF_COR_GIRAFE;Categorize
IM02003107;APLF_COR_GIRAFE;Categorize
IM02003107;APLF_COR_GIRAFE;Categorize
IM02003107;APLF_COR_GIRAFE;Categorize
IM02003107;APLF_COR_GIRAFE;Categorize
IM02006119;ADMF_COR_ADSL_VENTAS;Categorize
IM02010201;APLF_COR_VENTAS;Categorize
IM02012273;APLF_COR_GO_WOM;Categorize
IM02012273;APLF_COR_GO_WOM;Categorize
IM02010828;ADMF_COR_CMS;Categorize
IM02012936;APLF_COR_CATALOGO_E2E;Work In Progress
IM02013953;APLF_COR_CATALOGO_E2E;Work In Progress
IM02013542;APLF_COR_CATALOGO_E2E;Categorize
IM02011775;ADMF_COR_CMS;Categorize
IM02015099;ADMF_COR_SIEBEL;Categorize
IM02013575;ADMF_COR_SIEBEL;Work In Progress
IM02013296;APLF_COR_GO_CRM;Categorize
IM02013063;APLF_COR_GO_CRM;Pending Customer
IM02013409;ADMF_COR_SIEBEL;Work In Progress
IM02014302;ADMF_COR_CMS;Categorize
IM02014309;ADMF_COR_CMS;Categorize
IM02014930;APLF_COR_CATALOGO_E2E;Work In Progress
IM02016217;APLF_COR_GO_CRM;Categorize
IM02000882;APLF_COR_GO_VTA_ADSL;Categorize
IM02001129;APLF_COR_GO_CRM;Work In Progress
IM02000750;ADMF_COR_SIEBEL;Categorize
IM02003107;APLF_COR_GIRAFE;Categorize
IM02003107;APLF_COR_GIRAFE;Categorize
IM02003107;APLF_COR_GIRAFE;Categorize
IM02003107;APLF_COR_GIRAFE;Categorize
IM02003107;APLF_COR_GIRAFE;Categorize
IM02003107;APLF_COR_GIRAFE;Categorize
IM02006119;ADMF_COR_ADSL_VENTAS;Categorize
IM02010201;APLF_COR_VENTAS;Categorize
IM02012273;APLF_COR_GO_WOM;Categorize
IM02012273;APLF_COR_GO_WOM;Categorize
IM02010828;ADMF_COR_CMS;Categorize
IM02012936;APLF_COR_CATALOGO_E2E;Work In Progress
IM02013953;APLF_COR_CATALOGO_E2E;Work In Progress
IM02013542;APLF_COR_CATALOGO_E2E;Categorize
IM02011775;ADMF_COR_CMS;Categorize
IM02015099;ADMF_COR_SIEBEL;Categorize
IM02013575;ADMF_COR_SIEBEL;Work In Progress
IM02013296;APLF_COR_GO_CRM;Categorize
IM02013063;APLF_COR_GO_CRM;Pending Customer
IM02013409;ADMF_COR_SIEBEL;Work In Progress
IM02014302;ADMF_COR_CMS;Categorize
IM02014309;ADMF_COR_CMS;Categorize
IM02014930;APLF_COR_CATALOGO_E2E;Work In Progress
IM02016217;APLF_COR_GO_CRM;Categorize
IM02000882;APLF_COR_GO_VTA_ADSL;Categorize
IM02001129;APLF_COR_GO_CRM;Work In Progress
IM02000750;ADMF_COR_SIEBEL;Categorize
IM02003107;APLF_COR_GIRAFE;Categorize
IM02003107;APLF_COR_GIRAFE;Categorize
IM02003107;APLF_COR_GIRAFE;Categorize
IM02003107;APLF_COR_GIRAFE;Categorize
IM02003107;APLF_COR_GIRAFE;Categorize
IM02003107;APLF_COR_GIRAFE;Categorize
IM02006119;ADMF_COR_ADSL_VENTAS;Categorize
IM02010201;APLF_COR_VENTAS;Categorize
IM02012273;APLF_COR_GO_WOM;Categorize
IM02012273;APLF_COR_GO_WOM;Categorize
IM02010828;ADMF_COR_CMS;Categorize
IM02012936;APLF_COR_CATALOGO_E2E;Work In Progress
IM02013953;APLF_COR_CATALOGO_E2E;Work In Progress
IM02013542;APLF_COR_CATALOGO_E2E;Categorize
IM02011775;ADMF_COR_CMS;Categorize
IM02015099;ADMF_COR_SIEBEL;Categorize
IM02013575;ADMF_COR_SIEBEL;Work In Progress
IM02013296;APLF_COR_GO_CRM;Categorize
IM02013063;APLF_COR_GO_CRM;Pending Customer
IM02013409;ADMF_COR_SIEBEL;Work In Progress
IM02014302;ADMF_COR_CMS;Categorize
IM02014309;ADMF_COR_CMS;Categorize
IM02014930;APLF_COR_CATALOGO_E2E;Work In Progress
IM02016217;APLF_COR_GO_CRM;Categorize
IM02000882;APLF_COR_GO_VTA_ADSL;Categorize
IM02001129;APLF_COR_GO_CRM;Work In Progress
IM02000750;ADMF_COR_SIEBEL;Categorize
IM02003107;APLF_COR_GIRAFE;Categorize
IM02003107;APLF_COR_GIRAFE;Categorize
IM02003107;APLF_COR_GIRAFE;Categorize
IM02003107;APLF_COR_GIRAFE;Categorize
IM02003107;APLF_COR_GIRAFE;Categorize
IM02003107;APLF_COR_GIRAFE;Categorize
IM02006119;ADMF_COR_ADSL_VENTAS;Categorize
IM02010201;APLF_COR_VENTAS;Categorize
IM02012273;APLF_COR_GO_WOM;Categorize
IM02012273;APLF_COR_GO_WOM;Categorize
IM02010828;ADMF_COR_CMS;Categorize
IM02012936;APLF_COR_CATALOGO_E2E;Work In Progress
IM02013953;APLF_COR_CATALOGO_E2E;Work In Progress
IM02013542;APLF_COR_CATALOGO_E2E;Categorize
IM02011775;ADMF_COR_CMS;Categorize
IM02015099;ADMF_COR_SIEBEL;Categorize
IM02013575;ADMF_COR_SIEBEL;Work In Progress
IM02013296;APLF_COR_GO_CRM;Categorize
IM02013063;APLF_COR_GO_CRM;Pending Customer
IM02013409;ADMF_COR_SIEBEL;Work In Progress
IM02014302;ADMF_COR_CMS;Categorize
IM02014309;ADMF_COR_CMS;Categorize
IM02014930;APLF_COR_CATALOGO_E2E;Work In Progress
IM02016217;APLF_COR_GO_CRM;Categorize
IM02000882;APLF_COR_GO_VTA_ADSL;Categorize
IM02001129;APLF_COR_GO_CRM;Work In Progress
IM02000750;ADMF_COR_SIEBEL;Categorize
IM02003107;APLF_COR_GIRAFE;Categorize
IM02003107;APLF_COR_GIRAFE;Categorize
IM02003107;APLF_COR_GIRAFE;Categorize
IM02003107;APLF_COR_GIRAFE;Categorize
IM02003107;APLF_COR_GIRAFE;Categorize
IM02003107;APLF_COR_GIRAFE;Categorize
IM02006119;ADMF_COR_ADSL_VENTAS;Categorize
IM02010201;APLF_COR_VENTAS;Categorize
IM02012273;APLF_COR_GO_WOM;Categorize
IM02012273;APLF_COR_GO_WOM;Categorize
IM02010828;ADMF_COR_CMS;Categorize
IM02012936;APLF_COR_CATALOGO_E2E;Work In Progress
IM02013953;APLF_COR_CATALOGO_E2E;Work In Progress
IM02013542;APLF_COR_CATALOGO_E2E;Categorize
IM02011775;ADMF_COR_CMS;Categorize
IM02015099;ADMF_COR_SIEBEL;Categorize
IM02013575;ADMF_COR_SIEBEL;Work In Progress
IM02013296;APLF_COR_GO_CRM;Categorize
IM02013063;APLF_COR_GO_CRM;Pending Customer
IM02013409;ADMF_COR_SIEBEL;Work In Progress
IM02014302;ADMF_COR_CMS;Categorize
IM02014309;ADMF_COR_CMS;Categorize
IM02014930;APLF_COR_CATALOGO_E2E;Work In Progress
IM02016217;APLF_COR_GO_CRM;Categorize
IM02000882;APLF_COR_GO_VTA_ADSL;Categorize
IM02001129;APLF_COR_GO_CRM;Work In Progress
IM02000750;ADMF_COR_SIEBEL;Categorize
IM02003107;APLF_COR_GIRAFE;Categorize
IM02003107;APLF_COR_GIRAFE;Categorize
IM02003107;APLF_COR_GIRAFE;Categorize
IM02003107;APLF_COR_GIRAFE;Categorize
IM02003107;APLF_COR_GIRAFE;Categorize
IM02003107;APLF_COR_GIRAFE;Categorize
IM02006119;ADMF_COR_ADSL_VENTAS;Categorize
IM02010201;APLF_COR_VENTAS;Categorize
IM02012273;APLF_COR_GO_WOM;Categorize
IM02012273;APLF_COR_GO_WOM;Categorize
IM02010828;ADMF_COR_CMS;Categorize
IM02012936;APLF_COR_CATALOGO_E2E;Work In Progress
IM02013953;APLF_COR_CATALOGO_E2E;Work In Progress
IM02013542;APLF_COR_CATALOGO_E2E;Categorize
IM02011775;ADMF_COR_CMS;Categorize
IM02015099;ADMF_COR_SIEBEL;Categorize
IM02013575;ADMF_COR_SIEBEL;Work In Progress
IM02013296;APLF_COR_GO_CRM;Categorize
IM02013063;APLF_COR_GO_CRM;Pending Customer
IM02013409;ADMF_COR_SIEBEL;Work In Progress
IM02014302;ADMF_COR_CMS;Categorize
IM02014309;ADMF_COR_CMS;Categorize
IM02014930;APLF_COR_CATALOGO_E2E;Work In Progress
IM02000882;APLF_COR_GO_VTA_ADSL;Categorize
IM02000750;ADMF_COR_SIEBEL;Categorize
IM02003107;APLF_COR_GIRAFE;Categorize
IM02003107;APLF_COR_GIRAFE;Categorize
IM02003107;APLF_COR_GIRAFE;Categorize
IM02003107;APLF_COR_GIRAFE;Categorize
IM02003107;APLF_COR_GIRAFE;Categorize
IM02003107;APLF_COR_GIRAFE;Categorize
IM02006119;ADMF_COR_ADSL_VENTAS;Categorize
IM02010201;APLF_COR_VENTAS;Categorize
IM02010828;ADMF_COR_CMS;Categorize
IM02012936;APLF_COR_CATALOGO_E2E;Work In Progress
IM02013953;APLF_COR_CATALOGO_E2E;Work In Progress
IM02013542;APLF_COR_CATALOGO_E2E;Categorize
IM02011775;ADMF_COR_CMS;Categorize
IM02015099;ADMF_COR_SIEBEL;Categorize
IM02013575;ADMF_COR_SIEBEL;Work In Progress
IM02013296;APLF_COR_GO_CRM;Categorize
IM02013063;APLF_COR_GO_CRM;Pending Customer
IM02013409;ADMF_COR_SIEBEL;Work In Progress
IM02014302;ADMF_COR_CMS;Categorize
IM02014309;ADMF_COR_CMS;Categorize
IM02000882;APLF_COR_GO_VTA_ADSL;Categorize
IM02000750;ADMF_COR_SIEBEL;Categorize
IM02003107;APLF_COR_GIRAFE;Categorize
IM02003107;APLF_COR_GIRAFE;Categorize
IM02003107;APLF_COR_GIRAFE;Categorize
IM02003107;APLF_COR_GIRAFE;Categorize
IM02003107;APLF_COR_GIRAFE;Categorize
IM02003107;APLF_COR_GIRAFE;Categorize
IM02006119;ADMF_COR_ADSL_VENTAS;Categorize
IM02010201;APLF_COR_VENTAS;Categorize
IM02010828;ADMF_COR_CMS;Categorize
IM02012936;APLF_COR_CATALOGO_E2E;Work In Progress
IM02013953;APLF_COR_CATALOGO_E2E;Work In Progress
IM02013542;APLF_COR_CATALOGO_E2E;Categorize
IM02011775;ADMF_COR_CMS;Categorize
IM02015099;ADMF_COR_SIEBEL;Categorize
IM02013575;ADMF_COR_SIEBEL;Work In Progress
IM02013296;APLF_COR_GO_CRM;Categorize
IM02013409;ADMF_COR_SIEBEL;Work In Progress
IM02016643;ADMF_COR_CMS;Categorize
IM02014302;ADMF_COR_CMS;Categorize
IM02014309;ADMF_COR_CMS;Categorize
IM02016764;APLF_COR_GO_CRM;Work In Progress
IM02016791;APLF_COR_CATALOGO_E2E;Work In Progress
IM02000882;APLF_COR_GO_VTA_ADSL;Categorize
IM02000750;ADMF_COR_SIEBEL;Categorize
IM02003107;APLF_COR_GIRAFE;Categorize
IM02003107;APLF_COR_GIRAFE;Categorize
IM02003107;APLF_COR_GIRAFE;Categorize
IM02003107;APLF_COR_GIRAFE;Categorize
IM02003107;APLF_COR_GIRAFE;Categorize
IM02003107;APLF_COR_GIRAFE;Categorize
IM02006119;ADMF_COR_ADSL_VENTAS;Categorize
IM02010201;APLF_COR_VENTAS;Categorize
IM02010828;ADMF_COR_CMS;Categorize
IM02012936;APLF_COR_CATALOGO_E2E;Work In Progress
IM02013953;APLF_COR_CATALOGO_E2E;Work In Progress
IM02013542;APLF_COR_CATALOGO_E2E;Categorize
IM02011775;ADMF_COR_CMS;Categorize
IM02015099;ADMF_COR_SIEBEL;Categorize
IM02013575;ADMF_COR_SIEBEL;Work In Progress
IM02013296;APLF_COR_GO_CRM;Categorize
IM02013409;ADMF_COR_SIEBEL;Work In Progress
IM02016643;ADMF_COR_CMS;Categorize
IM02014302;ADMF_COR_CMS;Categorize
IM02014309;ADMF_COR_CMS;Categorize
IM02016764;APLF_COR_GO_CRM;Work In Progress
IM02016791;APLF_COR_CATALOGO_E2E;Work In Progress
IM02000882;APLF_COR_GO_VTA_ADSL;Categorize
IM02000750;ADMF_COR_SIEBEL;Categorize
IM02003107;APLF_COR_GIRAFE;Categorize
IM02003107;APLF_COR_GIRAFE;Categorize
IM02003107;APLF_COR_GIRAFE;Categorize
IM02003107;APLF_COR_GIRAFE;Categorize
IM02003107;APLF_COR_GIRAFE;Categorize
IM02003107;APLF_COR_GIRAFE;Categorize
IM02006119;ADMF_COR_ADSL_VENTAS;Categorize
IM02010201;APLF_COR_VENTAS;Categorize
IM02010828;ADMF_COR_CMS;Categorize
IM02012936;APLF_COR_CATALOGO_E2E;Work In Progress
IM02013953;APLF_COR_CATALOGO_E2E;Work In Progress
IM02013542;APLF_COR_CATALOGO_E2E;Categorize
IM02011775;ADMF_COR_CMS;Categorize
IM02015099;ADMF_COR_SIEBEL;Categorize
IM02013575;ADMF_COR_SIEBEL;Work In Progress
IM02013296;APLF_COR_GO_CRM;Categorize
IM02013409;ADMF_COR_SIEBEL;Work In Progress
IM02016643;ADMF_COR_CMS;Categorize
IM02014302;ADMF_COR_CMS;Categorize
IM02014309;ADMF_COR_CMS;Categorize
IM02016791;APLF_COR_CATALOGO_E2E;Work In Progress
IM02000882;APLF_COR_GO_VTA_ADSL;Categorize
IM02000750;ADMF_COR_SIEBEL;Categorize
IM02003107;APLF_COR_GIRAFE;Categorize
IM02003107;APLF_COR_GIRAFE;Categorize
IM02003107;APLF_COR_GIRAFE;Categorize
IM02003107;APLF_COR_GIRAFE;Categorize
IM02003107;APLF_COR_GIRAFE;Categorize
IM02003107;APLF_COR_GIRAFE;Categorize
IM02006119;ADMF_COR_ADSL_VENTAS;Categorize
IM02010201;APLF_COR_VENTAS;Categorize
IM02010828;ADMF_COR_CMS;Categorize
IM02012936;APLF_COR_CATALOGO_E2E;Work In Progress
IM02013953;APLF_COR_CATALOGO_E2E;Work In Progress
IM02013542;APLF_COR_CATALOGO_E2E;Categorize
IM02011775;ADMF_COR_CMS;Categorize
IM02015099;ADMF_COR_SIEBEL;Categorize
IM02013575;ADMF_COR_SIEBEL;Work In Progress
IM02013296;APLF_COR_GO_CRM;Categorize
IM02013409;ADMF_COR_SIEBEL;Work In Progress
IM02016643;ADMF_COR_CMS;Categorize
IM02014302;ADMF_COR_CMS;Categorize
IM02014309;ADMF_COR_CMS;Categorize
IM02016791;APLF_COR_CATALOGO_E2E;Work In Progress
IM02000882;APLF_COR_GO_VTA_ADSL;Categorize
IM02000750;ADMF_COR_SIEBEL;Categorize
IM02003107;APLF_COR_GIRAFE;Categorize
IM02003107;APLF_COR_GIRAFE;Categorize
IM02003107;APLF_COR_GIRAFE;Categorize
IM02003107;APLF_COR_GIRAFE;Categorize
IM02003107;APLF_COR_GIRAFE;Categorize
IM02003107;APLF_COR_GIRAFE;Categorize
IM02006119;ADMF_COR_ADSL_VENTAS;Categorize
IM02010201;APLF_COR_VENTAS;Categorize
IM02010828;ADMF_COR_CMS;Categorize
IM02012936;APLF_COR_CATALOGO_E2E;Work In Progress
IM02013953;APLF_COR_CATALOGO_E2E;Work In Progress
IM02013542;APLF_COR_CATALOGO_E2E;Categorize
IM02011775;ADMF_COR_CMS;Categorize
IM02015099;ADMF_COR_SIEBEL;Categorize
IM02013575;ADMF_COR_SIEBEL;Work In Progress
IM02013296;APLF_COR_GO_CRM;Categorize
IM02013409;ADMF_COR_SIEBEL;Work In Progress
IM02016643;ADMF_COR_CMS;Categorize
IM02014302;ADMF_COR_CMS;Categorize
IM02014309;ADMF_COR_CMS;Categorize
IM02016791;APLF_COR_CATALOGO_E2E;Work In Progress
IM02000882;APLF_COR_GO_VTA_ADSL;Categorize
IM02000750;ADMF_COR_SIEBEL;Categorize
IM02003107;APLF_COR_GIRAFE;Categorize
IM02003107;APLF_COR_GIRAFE;Categorize
IM02003107;APLF_COR_GIRAFE;Categorize
IM02003107;APLF_COR_GIRAFE;Categorize
IM02003107;APLF_COR_GIRAFE;Categorize
IM02003107;APLF_COR_GIRAFE;Categorize
IM02006119;ADMF_COR_ADSL_VENTAS;Categorize
IM02010201;APLF_COR_VENTAS;Categorize
IM02012936;APLF_COR_CATALOGO_E2E;Work In Progress
IM02013953;APLF_COR_CATALOGO_E2E;Work In Progress
IM02013542;APLF_COR_CATALOGO_E2E;Categorize
IM02011775;ADMF_COR_CMS;Categorize
IM02015099;ADMF_COR_SIEBEL;Categorize
IM02013575;ADMF_COR_SIEBEL;Work In Progress
IM02013296;ADMF_COR_SIEBEL;Categorize
IM02013409;ADMF_COR_SIEBEL;Work In Progress
IM02016643;ADMF_COR_CMS;Categorize
IM02014302;ADMF_COR_CMS;Categorize
IM02014309;ADMF_COR_CMS;Categorize
IM02016791;APLF_COR_CATALOGO_E2E;Work In Progress
IM02000882;APLF_COR_GO_VTA_ADSL;Categorize
IM02000750;ADMF_COR_SIEBEL;Categorize
IM02003107;APLF_COR_GIRAFE;Categorize
IM02003107;APLF_COR_GIRAFE;Categorize
IM02003107;APLF_COR_GIRAFE;Categorize
IM02003107;APLF_COR_GIRAFE;Categorize
IM02003107;APLF_COR_GIRAFE;Categorize
IM02003107;APLF_COR_GIRAFE;Categorize
IM02006119;ADMF_COR_ADSL_VENTAS;Categorize
IM02010201;APLF_COR_VENTAS;Categorize
IM02012936;APLF_COR_CATALOGO_E2E;Work In Progress
IM02013953;APLF_COR_CATALOGO_E2E;Work In Progress
IM02013542;APLF_COR_CATALOGO_E2E;Categorize
IM02011775;ADMF_COR_CMS;Categorize
IM02015099;ADMF_COR_SIEBEL;Categorize
IM02013575;ADMF_COR_SIEBEL;Work In Progress
IM02013296;ADMF_COR_SIEBEL;Categorize
IM02017887;APLF_COR_GO_CRM;Work In Progress
IM02013409;ADMF_COR_SIEBEL;Work In Progress
IM02016643;ADMF_COR_CMS;Categorize
IM02014302;ADMF_COR_CMS;Categorize
IM02014309;ADMF_COR_CMS;Categorize
IM02016791;APLF_COR_CATALOGO_E2E;Work In Progress
IM02017867;APLF_COR_GO_CRM;Work In Progress
IM02017863;APLF_COR_GO_CRM;Work In Progress
IM02017855;APLF_COR_GO_CRM;Work In Progress
IM02017834;APLF_COR_GO_CRM;Work In Progress
IM02017820;APLF_COR_GO_CRM;Work In Progress
IM02000882;APLF_COR_GO_VTA_ADSL;Categorize
IM02000750;ADMF_COR_SIEBEL;Categorize
IM02017928;APLF_COR_GO_CRM;Categorize
IM02003107;APLF_COR_GIRAFE;Categorize
IM02003107;APLF_COR_GIRAFE;Categorize
IM02003107;APLF_COR_GIRAFE;Categorize
IM02003107;APLF_COR_GIRAFE;Categorize
IM02003107;APLF_COR_GIRAFE;Categorize
IM02003107;APLF_COR_GIRAFE;Categorize
IM02006119;ADMF_COR_ADSL_VENTAS;Categorize
IM02010201;APLF_COR_VENTAS;Categorize
IM02012936;APLF_COR_CATALOGO_E2E;Work In Progress
IM02013953;APLF_COR_CATALOGO_E2E;Work In Progress
IM02013542;APLF_COR_CATALOGO_E2E;Categorize
IM02011775;ADMF_COR_CMS;Categorize
IM02015099;ADMF_COR_SIEBEL;Categorize
IM02013575;ADMF_COR_SIEBEL;Work In Progress
IM02013296;ADMF_COR_SIEBEL;Categorize
IM02017887;APLF_COR_GO_CRM;Work In Progress
IM02013409;ADMF_COR_SIEBEL;Work In Progress
IM02016643;ADMF_COR_CMS;Categorize
IM02014302;ADMF_COR_CMS;Categorize
IM02014309;ADMF_COR_CMS;Categorize
IM02016791;APLF_COR_CATALOGO_E2E;Work In Progress
IM02017916;APLF_COR_GO_CRM;Work In Progress
IM02017867;APLF_COR_GO_CRM;Work In Progress
IM02017863;APLF_COR_GO_CRM;Work In Progress
IM02017940;APLF_COR_GO_CRM;Categorize
IM02017855;APLF_COR_GO_CRM;Work In Progress
IM02017834;APLF_COR_GO_CRM;Work In Progress
IM02017820;APLF_COR_GO_CRM;Work In Progress
IM02017931;APLF_COR_GO_CRM;Work In Progress
IM02000882;APLF_COR_GO_VTA_ADSL;Categorize
IM02000750;ADMF_COR_SIEBEL;Categorize
IM02017928;APLF_COR_GO_CRM;Categorize
IM02003107;APLF_COR_GIRAFE;Categorize
IM02003107;APLF_COR_GIRAFE;Categorize
IM02003107;APLF_COR_GIRAFE;Categorize
IM02003107;APLF_COR_GIRAFE;Categorize
IM02003107;APLF_COR_GIRAFE;Categorize
IM02003107;APLF_COR_GIRAFE;Categorize
IM02006119;ADMF_COR_ADSL_VENTAS;Categorize
IM02010201;APLF_COR_VENTAS;Categorize
IM02012936;APLF_COR_CATALOGO_E2E;Work In Progress
IM02013953;APLF_COR_CATALOGO_E2E;Work In Progress
IM02013542;APLF_COR_CATALOGO_E2E;Categorize
IM02011775;ADMF_COR_CMS;Categorize
IM02015099;ADMF_COR_SIEBEL;Categorize
IM02013575;ADMF_COR_SIEBEL;Work In Progress
IM02013296;ADMF_COR_SIEBEL;Categorize
IM02017887;APLF_COR_GO_CRM;Work In Progress
IM02013409;ADMF_COR_SIEBEL;Work In Progress
IM02016643;ADMF_COR_CMS;Categorize
IM02014302;ADMF_COR_CMS;Categorize
IM02014309;ADMF_COR_CMS;Categorize
IM02016791;APLF_COR_CATALOGO_E2E;Work In Progress
IM02017863;APLF_COR_GO_CRM;Work In Progress
IM02000882;APLF_COR_GO_VTA_ADSL;Categorize
IM02000750;ADMF_COR_SIEBEL;Categorize
IM02017928;APLF_COR_GO_CRM;Categorize
IM02003107;APLF_COR_GIRAFE;Categorize
IM02003107;APLF_COR_GIRAFE;Categorize
IM02003107;APLF_COR_GIRAFE;Categorize
IM02003107;APLF_COR_GIRAFE;Categorize
IM02003107;APLF_COR_GIRAFE;Categorize
IM02003107;APLF_COR_GIRAFE;Categorize
IM02006119;ADMF_COR_ADSL_VENTAS;Categorize
IM02010201;APLF_COR_VENTAS;Categorize
IM02012936;APLF_COR_CATALOGO_E2E;Work In Progress
IM02013953;APLF_COR_CATALOGO_E2E;Work In Progress
IM02013542;APLF_COR_CATALOGO_E2E;Categorize
IM02011775;ADMF_COR_CMS;Categorize
IM02015099;ADMF_COR_SIEBEL;Categorize
IM02013575;ADMF_COR_SIEBEL;Work In Progress
IM02013296;ADMF_COR_SIEBEL;Categorize
IM02017887;ADMF_COR_CMS;Categorize
IM02013409;ADMF_COR_SIEBEL;Work In Progress
IM02016643;ADMF_COR_CMS;Categorize
IM02014302;ADMF_COR_CMS;Categorize
IM02014309;ADMF_COR_CMS;Categorize
IM02016791;APLF_COR_CATALOGO_E2E;Work In Progress
IM02018443;APLF_COR_GO_CRM;Work In Progress
IM02018435;ADMF_COR_SIEBEL;Work In Progress
IM02018421;APLF_COR_CENTRAL_PARQ;Categorize
IM02018417;ADMF_COR_SIEBEL;Work In Progress
IM02018376;APLF_COR_CENTRAL_PARQ;Categorize
IM02018355;ADMF_COR_SIEBEL;Work In Progress
IM02018451;APLF_COR_GO_CRM;Work In Progress
IM02000882;APLF_COR_GO_VTA_ADSL;Categorize
IM02000750;ADMF_COR_SIEBEL;Categorize
IM02017928;APLF_COR_GO_CRM;Categorize
IM02003107;APLF_COR_GIRAFE;Categorize
IM02003107;APLF_COR_GIRAFE;Categorize
IM02003107;APLF_COR_GIRAFE;Categorize
IM02003107;APLF_COR_GIRAFE;Categorize
IM02003107;APLF_COR_GIRAFE;Categorize
IM02003107;APLF_COR_GIRAFE;Categorize
IM02006119;ADMF_COR_ADSL_VENTAS;Categorize
IM02010201;APLF_COR_VENTAS;Categorize
IM02012936;APLF_COR_CATALOGO_E2E;Work In Progress
IM02013953;APLF_COR_CATALOGO_E2E;Work In Progress
IM02013542;APLF_COR_CATALOGO_E2E;Categorize
IM02011775;ADMF_COR_CMS;Categorize
IM02015099;ADMF_COR_SIEBEL;Categorize
IM02013575;ADMF_COR_SIEBEL;Work In Progress
IM02013296;ADMF_COR_SIEBEL;Categorize
IM02017887;ADMF_COR_CMS;Categorize
IM02013409;ADMF_COR_SIEBEL;Work In Progress
IM02016643;ADMF_COR_CMS;Categorize
IM02014302;ADMF_COR_CMS;Categorize
IM02014309;ADMF_COR_CMS;Categorize
IM02016791;APLF_COR_CATALOGO_E2E;Work In Progress
IM02018443;APLF_COR_GO_CRM;Work In Progress
IM02018435;ADMF_COR_SIEBEL;Work In Progress
IM02018421;APLF_COR_GO_CRM;Categorize
IM02018417;ADMF_COR_SIEBEL;Work In Progress
IM02018376;APLF_COR_GO_CRM;Categorize
IM02018355;ADMF_COR_SIEBEL;Work In Progress
IM02018451;APLF_COR_GO_CRM;Work In Progress
IM02000882;APLF_COR_GO_VTA_ADSL;Categorize
IM02000750;ADMF_COR_SIEBEL;Categorize
IM02017928;APLF_COR_KINGDOM;Categorize
IM02003107;APLF_COR_GIRAFE;Categorize
IM02003107;APLF_COR_GIRAFE;Categorize
IM02003107;APLF_COR_GIRAFE;Categorize
IM02003107;APLF_COR_GIRAFE;Categorize
IM02003107;APLF_COR_GIRAFE;Categorize
IM02003107;APLF_COR_GIRAFE;Categorize
IM02006119;ADMF_COR_ADSL_VENTAS;Categorize
IM02010201;APLF_COR_VENTAS;Categorize
IM02012936;APLF_COR_CATALOGO_E2E;Work In Progress
IM02013953;APLF_COR_CATALOGO_E2E;Work In Progress
IM02013542;APLF_COR_CATALOGO_E2E;Categorize
IM02011775;ADMF_COR_CMS;Categorize
IM02015099;ADMF_COR_SIEBEL;Categorize
IM02013575;ADMF_COR_SIEBEL;Work In Progress
IM02013296;ADMF_COR_SIEBEL;Categorize
IM02017887;ADMF_COR_CMS;Categorize
IM02013409;ADMF_COR_SIEBEL;Work In Progress
IM02016643;ADMF_COR_CMS;Categorize
IM02014302;ADMF_COR_CMS;Categorize
IM02014309;ADMF_COR_CMS;Categorize
IM02016791;APLF_COR_CATALOGO_E2E;Work In Progress
IM02018435;ADMF_COR_SIEBEL;Work In Progress
IM02018417;ADMF_COR_SIEBEL;Work In Progress
IM02018355;ADMF_COR_SIEBEL;Work In Progress
IM02000882;APLF_COR_GO_VTA_ADSL;Categorize
IM02000750;ADMF_COR_SIEBEL;Categorize
IM02017928;APLF_COR_KINGDOM;Categorize
IM02003107;APLF_COR_GIRAFE;Categorize
IM02003107;APLF_COR_GIRAFE;Categorize
IM02003107;APLF_COR_GIRAFE;Categorize
IM02003107;APLF_COR_GIRAFE;Categorize
IM02003107;APLF_COR_GIRAFE;Categorize
IM02003107;APLF_COR_GIRAFE;Categorize
IM02006119;ADMF_COR_ADSL_VENTAS;Categorize
IM02010201;APLF_COR_VENTAS;Categorize
IM02012936;APLF_COR_CATALOGO_E2E;Work In Progress
IM02013953;APLF_COR_CATALOGO_E2E;Work In Progress
IM02013542;APLF_COR_CATALOGO_E2E;Categorize
IM02011775;ADMF_COR_CMS;Categorize
IM02015099;ADMF_COR_SIEBEL;Categorize
IM02013575;ADMF_COR_SIEBEL;Work In Progress
IM02013296;ADMF_COR_SIEBEL;Categorize
IM02017887;ADMF_COR_CMS;Categorize
IM02013409;ADMF_COR_SIEBEL;Work In Progress
IM02016643;ADMF_COR_CMS;Categorize
IM02014302;ADMF_COR_CMS;Categorize
IM02014309;ADMF_COR_CMS;Categorize
IM02016791;APLF_COR_CATALOGO_E2E;Work In Progress
IM02018974;APLF_COR_GO_CRM;Work In Progress
IM02000882;APLF_COR_GO_VTA_ADSL;Categorize
IM02000750;ADMF_COR_SIEBEL;Categorize
IM02017928;APLF_COR_KINGDOM;Categorize
IM02003107;APLF_COR_GIRAFE;Categorize
IM02003107;APLF_COR_GIRAFE;Categorize
IM02003107;APLF_COR_GIRAFE;Categorize
IM02003107;APLF_COR_GIRAFE;Categorize
IM02003107;APLF_COR_GIRAFE;Categorize
IM02003107;APLF_COR_GIRAFE;Categorize
IM02006119;ADMF_COR_ADSL_VENTAS;Categorize
IM02010201;APLF_COR_VENTAS;Categorize
IM02012936;APLF_COR_CATALOGO_E2E;Work In Progress
IM02013953;APLF_COR_CATALOGO_E2E;Work In Progress
IM02013542;APLF_COR_CATALOGO_E2E;Categorize
IM02011775;ADMF_COR_CMS;Categorize
IM02015099;ADMF_COR_SIEBEL;Categorize
IM02013575;ADMF_COR_SIEBEL;Work In Progress
IM02013296;ADMF_COR_SIEBEL;Categorize
IM02017887;ADMF_COR_CMS;Categorize
IM02013409;ADMF_COR_SIEBEL;Work In Progress
IM02016643;ADMF_COR_CMS;Categorize
IM02014302;ADMF_COR_CMS;Categorize
IM02014309;ADMF_COR_CMS;Categorize
IM02016791;APLF_COR_CATALOGO_E2E;Work In Progress
IM02019017;APLF_COR_GO_CRM;Work In Progress
IM02018996;APLF_COR_GO_CRM;Work In Progress
IM02018974;APLF_COR_GO_CRM;Work In Progress
IM02000882;APLF_COR_GO_VTA_ADSL;Categorize
IM02000750;ADMF_COR_SIEBEL;Categorize
IM02017928;APLF_COR_KINGDOM;Categorize
IM02003107;APLF_COR_GIRAFE;Categorize
IM02003107;APLF_COR_GIRAFE;Categorize
IM02003107;APLF_COR_GIRAFE;Categorize
IM02003107;APLF_COR_GIRAFE;Categorize
IM02003107;APLF_COR_GIRAFE;Categorize
IM02003107;APLF_COR_GIRAFE;Categorize
IM02006119;ADMF_COR_ADSL_VENTAS;Categorize
IM02010201;APLF_COR_VENTAS;Categorize
IM02012936;APLF_COR_CATALOGO_E2E;Work In Progress
IM02013953;APLF_COR_CATALOGO_E2E;Work In Progress
IM02013542;APLF_COR_CATALOGO_E2E;Categorize
IM02011775;ADMF_COR_CMS;Categorize
IM02015099;ADMF_COR_SIEBEL;Categorize
IM02013575;ADMF_COR_SIEBEL;Work In Progress
IM02013296;ADMF_COR_SIEBEL;Categorize
IM02017887;ADMF_COR_CMS;Categorize
IM02013409;ADMF_COR_SIEBEL;Work In Progress
IM02016643;ADMF_COR_CMS;Categorize
IM02014302;ADMF_COR_CMS;Categorize
IM02014309;ADMF_COR_CMS;Categorize
IM02016791;APLF_COR_CATALOGO_E2E;Work In Progress
IM02019017;APLF_COR_GO_CRM;Work In Progress
IM02018996;APLF_COR_GO_CRM;Work In Progress
IM02018974;APLF_COR_GO_CRM;Work In Progress
IM02000882;APLF_COR_GO_VTA_ADSL;Categorize
IM02000750;ADMF_COR_SIEBEL;Categorize
IM02017928;APLF_COR_KINGDOM;Categorize
IM02003107;APLF_COR_GIRAFE;Categorize
IM02003107;APLF_COR_GIRAFE;Categorize
IM02003107;APLF_COR_GIRAFE;Categorize
IM02003107;APLF_COR_GIRAFE;Categorize
IM02003107;APLF_COR_GIRAFE;Categorize
IM02003107;APLF_COR_GIRAFE;Categorize
IM02006119;ADMF_COR_ADSL_VENTAS;Categorize
IM02010201;APLF_COR_VENTAS;Categorize
IM02012936;APLF_COR_CATALOGO_E2E;Work In Progress
IM02013953;APLF_COR_CATALOGO_E2E;Work In Progress
IM02013542;APLF_COR_CATALOGO_E2E;Categorize
IM02011775;ADMF_COR_CMS;Categorize
IM02015099;ADMF_COR_SIEBEL;Categorize
IM02013575;ADMF_COR_SIEBEL;Work In Progress
IM02013296;ADMF_COR_SIEBEL;Categorize
IM02017887;ADMF_COR_CMS;Categorize
IM02013409;ADMF_COR_SIEBEL;Work In Progress
IM02016643;ADMF_COR_CMS;Categorize
IM02014302;ADMF_COR_CMS;Categorize
IM02014309;ADMF_COR_CMS;Categorize
IM02016791;APLF_COR_CATALOGO_E2E;Work In Progress
IM02019017;APLF_COR_GO_CRM;Work In Progress
IM02018996;APLF_COR_GO_CRM;Work In Progress
IM02018974;APLF_COR_GO_CRM;Work In Progress
IM02000882;APLF_COR_GO_VTA_ADSL;Categorize
IM02000750;ADMF_COR_SIEBEL;Categorize
IM02017928;APLF_COR_KINGDOM;Categorize
IM02003107;APLF_COR_GIRAFE;Categorize
IM02003107;APLF_COR_GIRAFE;Categorize
IM02003107;APLF_COR_GIRAFE;Categorize
IM02003107;APLF_COR_GIRAFE;Categorize
IM02003107;APLF_COR_GIRAFE;Categorize
IM02003107;APLF_COR_GIRAFE;Categorize
IM02006119;ADMF_COR_ADSL_VENTAS;Categorize
IM02010201;APLF_COR_VENTAS;Categorize
IM02012936;APLF_COR_CATALOGO_E2E;Work In Progress
IM02013953;APLF_COR_CATALOGO_E2E;Work In Progress
IM02013542;APLF_COR_CATALOGO_E2E;Categorize
IM02011775;ADMF_COR_CMS;Categorize
IM02015099;ADMF_COR_SIEBEL;Categorize
IM02013575;ADMF_COR_SIEBEL;Work In Progress
IM02013296;ADMF_COR_SIEBEL;Categorize
IM02017887;ADMF_COR_CMS;Categorize
IM02013409;ADMF_COR_SIEBEL;Work In Progress
IM02016643;ADMF_COR_CMS;Categorize
IM02014302;ADMF_COR_CMS;Categorize
IM02014309;ADMF_COR_CMS;Categorize
IM02016791;APLF_COR_CATALOGO_E2E;Work In Progress
IM02019017;APLF_COR_GO_CRM;Work In Progress
IM02018996;APLF_COR_GO_CRM;Work In Progress
IM02018974;APLF_COR_GO_CRM;Work In Progress
IM02000882;APLF_COR_GO_VTA_ADSL;Categorize
IM02000750;ADMF_COR_SIEBEL;Categorize
IM02017928;APLF_COR_KINGDOM;Categorize
IM02003107;APLF_COR_GIRAFE;Categorize
IM02003107;APLF_COR_GIRAFE;Categorize
IM02003107;APLF_COR_GIRAFE;Categorize
IM02003107;APLF_COR_GIRAFE;Categorize
IM02003107;APLF_COR_GIRAFE;Categorize
IM02003107;APLF_COR_GIRAFE;Categorize
IM02006119;ADMF_COR_ADSL_VENTAS;Categorize
IM02010201;APLF_COR_VENTAS;Categorize
IM02012936;APLF_COR_CATALOGO_E2E;Work In Progress
IM02013953;APLF_COR_CATALOGO_E2E;Work In Progress
IM02013542;APLF_COR_CATALOGO_E2E;Categorize
IM02011775;ADMF_COR_CMS;Categorize
IM02015099;ADMF_COR_SIEBEL;Categorize
IM02013575;ADMF_COR_SIEBEL;Work In Progress
IM02013296;ADMF_COR_SIEBEL;Categorize
IM02017887;ADMF_COR_CMS;Categorize
IM02013409;ADMF_COR_SIEBEL;Work In Progress
IM02016643;ADMF_COR_CMS;Categorize
IM02014302;ADMF_COR_CMS;Categorize
IM02014309;ADMF_COR_CMS;Categorize
IM02016791;APLF_COR_CATALOGO_E2E;Work In Progress
IM02019017;APLF_COR_GO_CRM;Work In Progress
IM02018996;APLF_COR_GO_CRM;Work In Progress
IM02018974;APLF_COR_GO_CRM;Work In Progress
IM02000882;APLF_COR_GO_VTA_ADSL;Categorize
IM02000750;ADMF_COR_SIEBEL;Categorize
IM02017928;APLF_COR_KINGDOM;Categorize
IM02003107;APLF_COR_GIRAFE;Categorize
IM02003107;APLF_COR_GIRAFE;Categorize
IM02003107;APLF_COR_GIRAFE;Categorize
IM02003107;APLF_COR_GIRAFE;Categorize
IM02003107;APLF_COR_GIRAFE;Categorize
IM02003107;APLF_COR_GIRAFE;Categorize
IM02006119;ADMF_COR_ADSL_VENTAS;Categorize
IM02010201;APLF_COR_VENTAS;Categorize
IM02019471;APLF_COR_GO_CRM;Work In Progress
IM02012936;APLF_COR_CATALOGO_E2E;Work In Progress
IM02013953;APLF_COR_CATALOGO_E2E;Work In Progress
IM02013542;APLF_COR_CATALOGO_E2E;Categorize
IM02011775;ADMF_COR_CMS;Categorize
IM02015099;ADMF_COR_SIEBEL;Categorize
IM02013575;ADMF_COR_SIEBEL;Work In Progress
IM02013296;ADMF_COR_SIEBEL;Categorize
IM02017887;ADMF_COR_CMS;Categorize
IM02013409;ADMF_COR_SIEBEL;Work In Progress
IM02016643;ADMF_COR_CMS;Categorize
IM02014302;ADMF_COR_CMS;Categorize
IM02014309;ADMF_COR_CMS;Categorize
IM02016791;APLF_COR_CATALOGO_E2E;Work In Progress
IM02019017;APLF_COR_GO_CRM;Work In Progress
IM02018996;APLF_COR_GO_CRM;Work In Progress
IM02018974;APLF_COR_GO_CRM;Work In Progress
IM02019492;ADMF_COR_SIEBEL;Work In Progress
IM02019598;APLF_COR_GO_CRM;Work In Progress
IM02019605;ADMF_COR_SIEBEL;Work In Progress
IM02000882;APLF_COR_GO_VTA_ADSL;Categorize
IM02000750;ADMF_COR_SIEBEL;Categorize
IM02017928;APLF_COR_KINGDOM;Categorize
IM02003107;APLF_COR_GIRAFE;Categorize
IM02003107;APLF_COR_GIRAFE;Categorize
IM02003107;APLF_COR_GIRAFE;Categorize
IM02003107;APLF_COR_GIRAFE;Categorize
IM02003107;APLF_COR_GIRAFE;Categorize
IM02003107;APLF_COR_GIRAFE;Categorize
IM02006119;ADMF_COR_ADSL_VENTAS;Categorize
IM02010201;APLF_COR_VENTAS;Categorize
IM02019471;ADMF_COR_CMS;Categorize
IM02012936;APLF_COR_CATALOGO_E2E;Work In Progress
IM02013953;APLF_COR_CATALOGO_E2E;Work In Progress
IM02013542;APLF_COR_CATALOGO_E2E;Categorize
IM02011775;ADMF_COR_CMS;Categorize
IM02015099;ADMF_COR_SIEBEL;Categorize
IM02013575;ADMF_COR_SIEBEL;Work In Progress
IM02013296;ADMF_COR_SIEBEL;Categorize
IM02017887;ADMF_COR_CMS;Categorize
IM02013409;ADMF_COR_SIEBEL;Work In Progress
IM02016643;ADMF_COR_CMS;Categorize
IM02014302;ADMF_COR_CMS;Categorize
IM02014309;ADMF_COR_CMS;Categorize
IM02016791;APLF_COR_CATALOGO_E2E;Work In Progress
IM02019017;APLF_COR_GO_CRM;Work In Progress
IM02019492;ADMF_COR_SIEBEL;Work In Progress
IM02019598;ADMF_COR_SIEBEL;Categorize
IM02019605;ADMF_COR_SIEBEL;Work In Progress
IM02000882;APLF_COR_GO_VTA_ADSL;Categorize
IM02000750;ADMF_COR_SIEBEL;Categorize
IM02017928;APLF_COR_KINGDOM;Categorize
IM02003107;APLF_COR_GIRAFE;Categorize
IM02003107;APLF_COR_GIRAFE;Categorize
IM02003107;APLF_COR_GIRAFE;Categorize
IM02003107;APLF_COR_GIRAFE;Categorize
IM02003107;APLF_COR_GIRAFE;Categorize
IM02003107;APLF_COR_GIRAFE;Categorize
IM02006119;ADMF_COR_ADSL_VENTAS;Categorize
IM02010201;APLF_COR_VENTAS;Categorize
IM02019471;ADMF_COR_CMS;Categorize
IM02012936;APLF_COR_CATALOGO_E2E;Work In Progress
IM02013953;APLF_COR_CATALOGO_E2E;Work In Progress
IM02013542;APLF_COR_CATALOGO_E2E;Categorize
IM02011775;ADMF_COR_CMS;Categorize
IM02015099;ADMF_COR_SIEBEL;Categorize
IM02013575;ADMF_COR_SIEBEL;Work In Progress
IM02013296;ADMF_COR_SIEBEL;Categorize
IM02017887;ADMF_COR_CMS;Categorize
IM02013409;ADMF_COR_SIEBEL;Work In Progress
IM02016643;ADMF_COR_CMS;Categorize
IM02014302;ADMF_COR_CMS;Categorize
IM02014309;ADMF_COR_CMS;Categorize
IM02016791;APLF_COR_CATALOGO_E2E;Work In Progress
IM02019492;ADMF_COR_SIEBEL;Work In Progress
IM02019598;ADMF_COR_SIEBEL;Categorize
IM02019605;ADMF_COR_SIEBEL;Work In Progress
IM02000882;APLF_COR_GO_VTA_ADSL;Categorize
IM02000750;ADMF_COR_SIEBEL;Categorize
IM02017928;APLF_COR_KINGDOM;Categorize
IM02003107;APLF_COR_GIRAFE;Categorize
IM02003107;APLF_COR_GIRAFE;Categorize
IM02003107;APLF_COR_GIRAFE;Categorize
IM02003107;APLF_COR_GIRAFE;Categorize
IM02003107;APLF_COR_GIRAFE;Categorize
IM02003107;APLF_COR_GIRAFE;Categorize
IM02006119;ADMF_COR_ADSL_VENTAS;Categorize
IM02010201;APLF_COR_VENTAS;Categorize
IM02019471;ADMF_COR_CMS;Categorize
IM02012936;APLF_COR_SIEBEL;Categorize
IM02013953;APLF_COR_GO_CRM;Categorize
IM02011775;ADMF_COR_CMS;Categorize
IM02013296;ADMF_COR_SIEBEL;Categorize
IM02017887;ADMF_COR_CMS;Categorize
IM02016643;ADMF_COR_CMS;Categorize
IM02014302;ADMF_COR_CMS;Categorize
IM02014309;ADMF_COR_CMS;Categorize
IM02016791;APLF_COR_CATALOGO_E2E;Work In Progress
IM02019598;ADMF_COR_SIEBEL;Categorize
IM02019605;ADMF_COR_SIEBEL;Work In Progress
IM02000882;APLF_COR_GO_VTA_ADSL;Categorize
IM02000750;ADMF_COR_SIEBEL;Categorize
IM02017928;APLF_COR_KINGDOM;Categorize
IM02003107;APLF_COR_GIRAFE;Categorize
IM02003107;APLF_COR_GIRAFE;Categorize
IM02003107;APLF_COR_GIRAFE;Categorize
IM02003107;APLF_COR_GIRAFE;Categorize
IM02003107;APLF_COR_GIRAFE;Categorize
IM02003107;APLF_COR_GIRAFE;Categorize
IM02006119;ADMF_COR_ADSL_VENTAS;Categorize
IM02010201;APLF_COR_VENTAS;Categorize
IM02019471;ADMF_COR_CMS;Categorize
IM02011775;ADMF_COR_CMS;Categorize
IM02013296;ADMF_COR_SIEBEL;Categorize
IM02017887;ADMF_COR_CMS;Categorize
IM02016643;ADMF_COR_CMS;Categorize
IM02014302;ADMF_COR_CMS;Categorize
IM02014309;ADMF_COR_CMS;Categorize
IM02016791;APLF_COR_CATALOGO_E2E;Work In Progress
IM02019598;ADMF_COR_SIEBEL;Categorize
IM02019605;ADMF_COR_SIEBEL;Work In Progress
IM02000882;APLF_COR_GO_VTA_ADSL;Categorize
IM02000750;ADMF_COR_SIEBEL;Categorize
IM02017928;APLF_COR_KINGDOM;Categorize
IM02003107;APLF_COR_GIRAFE;Categorize
IM02003107;APLF_COR_GIRAFE;Categorize
IM02003107;APLF_COR_GIRAFE;Categorize
IM02003107;APLF_COR_GIRAFE;Categorize
IM02003107;APLF_COR_GIRAFE;Categorize
IM02003107;APLF_COR_GIRAFE;Categorize
IM02006119;ADMF_COR_ADSL_VENTAS;Categorize
IM02010201;APLF_COR_VENTAS;Categorize
IM02019471;ADMF_COR_CMS;Categorize
IM02011775;ADMF_COR_CMS;Categorize
IM02013296;ADMF_COR_SIEBEL;Categorize
IM02017887;ADMF_COR_CMS;Categorize
IM02016643;ADMF_COR_CMS;Categorize
IM02014302;ADMF_COR_CMS;Categorize
IM02014309;ADMF_COR_CMS;Categorize
IM02016791;APLF_COR_CATALOGO_E2E;Work In Progress
IM02019598;ADMF_COR_SIEBEL;Categorize
IM02019605;ADMF_COR_SIEBEL;Work In Progress
IM02020675;APLF_COR_GO_CRM;Work In Progress
IM02000882;APLF_COR_GO_VTA_ADSL;Categorize
IM02000750;ADMF_COR_SIEBEL;Categorize
IM02017928;APLF_COR_KINGDOM;Categorize
IM02003107;APLF_COR_GIRAFE;Categorize
IM02003107;APLF_COR_GIRAFE;Categorize
IM02003107;APLF_COR_GIRAFE;Categorize
IM02003107;APLF_COR_GIRAFE;Categorize
IM02003107;APLF_COR_GIRAFE;Categorize
IM02003107;APLF_COR_GIRAFE;Categorize
IM02006119;ADMF_COR_ADSL_VENTAS;Categorize
IM02010201;APLF_COR_VENTAS;Categorize
IM02019471;ADMF_COR_CMS;Categorize
IM02011775;ADMF_COR_CMS;Categorize
IM02013296;ADMF_COR_SIEBEL;Categorize
IM02017887;ADMF_COR_CMS;Categorize
IM02016643;ADMF_COR_CMS;Categorize
IM02014302;ADMF_COR_CMS;Categorize
IM02014309;ADMF_COR_CMS;Categorize
IM02016791;APLF_COR_CATALOGO_E2E;Work In Progress
IM02019598;ADMF_COR_SIEBEL;Categorize
IM02019605;ADMF_COR_SIEBEL;Work In Progress
IM02021208;ADMF_COR_SIEBEL;Work In Progress
IM02021201;APLF_COR_CENTRAL_PARQ;Categorize
IM02021199;APLF_COR_CATALOGO_E2E;Work In Progress
IM02021130;APLF_COR_GO_CRM;Work In Progress
IM02000882;APLF_COR_GO_VTA_ADSL;Categorize
IM02000750;ADMF_COR_SIEBEL;Categorize
IM02017928;APLF_COR_KINGDOM;Categorize
IM02003107;APLF_COR_GIRAFE;Categorize
IM02003107;APLF_COR_GIRAFE;Categorize
IM02003107;APLF_COR_GIRAFE;Categorize
IM02003107;APLF_COR_GIRAFE;Categorize
IM02003107;APLF_COR_GIRAFE;Categorize
IM02003107;APLF_COR_GIRAFE;Categorize
IM02006119;ADMF_COR_ADSL_VENTAS;Categorize
IM02021233;APLF_COR_GO_CRM;Work In Progress
IM02011775;ADMF_COR_CMS;Categorize
IM02013296;ADMF_COR_SIEBEL;Categorize
IM02017887;ADMF_COR_CMS;Categorize
IM02016643;ADMF_COR_CMS;Categorize
IM02014302;ADMF_COR_CMS;Categorize
IM02014309;ADMF_COR_CMS;Categorize
IM02016791;APLF_COR_CATALOGO_E2E;Work In Progress
IM02019598;ADMF_COR_SIEBEL;Categorize
IM02019605;ADMF_COR_SIEBEL;Work In Progress
IM02021218;APLF_COR_GO_CRM;Categorize
IM02021208;ADMF_COR_SIEBEL;Work In Progress
IM02021199;APLF_COR_CATALOGO_E2E;Work In Progress
IM02021130;APLF_COR_GIRAFE_PROV;Categorize
IM02000882;APLF_COR_GO_VTA_ADSL;Categorize
IM02000750;ADMF_COR_SIEBEL;Categorize
IM02017928;APLF_COR_KINGDOM;Categorize
IM02003107;APLF_COR_GIRAFE;Categorize
IM02003107;APLF_COR_GIRAFE;Categorize
IM02003107;APLF_COR_GIRAFE;Categorize
IM02003107;APLF_COR_GIRAFE;Categorize
IM02003107;APLF_COR_GIRAFE;Categorize
IM02003107;APLF_COR_GIRAFE;Categorize
IM02006119;ADMF_COR_ADSL_VENTAS;Categorize
IM02021233;APLF_COR_GO_CRM;Pending Customer
IM02011775;ADMF_COR_CMS;Categorize
IM02013296;ADMF_COR_SIEBEL;Categorize
IM02017887;ADMF_COR_CMS;Categorize
IM02016643;ADMF_COR_CMS;Categorize
IM02014302;ADMF_COR_CMS;Categorize
IM02014309;ADMF_COR_CMS;Categorize
IM02016791;APLF_COR_CATALOGO_E2E;Work In Progress
IM02021685;APLF_COR_GO_CRM;Work In Progress
IM02021674;APLF_COR_GO_CRM;Pending Customer
IM02019598;ADMF_COR_SIEBEL;Categorize
IM02019605;ADMF_COR_SIEBEL;Work In Progress
IM02021218;APLF_COR_GO_CRM;Categorize
IM02021208;ADMF_COR_SIEBEL;Work In Progress
IM02021199;APLF_COR_CATALOGO_E2E;Work In Progress
IM02021130;APLF_COR_GO_CRM;Rejected
IM02021641;APLF_COR_GO_CRM;Work In Progress
IM02021637;ADMF_COR_SIEBEL;Work In Progress
IM02021636;APLF_COR_GO_CRM;Work In Progress
IM02000882;APLF_COR_GO_VTA_ADSL;Categorize
IM02000750;ADMF_COR_SIEBEL;Categorize
IM02017928;APLF_COR_KINGDOM;Categorize
IM02003107;APLF_COR_GIRAFE;Categorize
IM02003107;APLF_COR_GIRAFE;Categorize
IM02003107;APLF_COR_GIRAFE;Categorize
IM02003107;APLF_COR_GIRAFE;Categorize
IM02003107;APLF_COR_GIRAFE;Categorize
IM02003107;APLF_COR_GIRAFE;Categorize
IM02006119;ADMF_COR_ADSL_VENTAS;Categorize
IM02011775;ADMF_COR_CMS;Categorize
IM02013296;ADMF_COR_SIEBEL;Categorize
IM02017887;ADMF_COR_CMS;Categorize
IM02016643;ADMF_COR_CMS;Categorize
IM02014302;ADMF_COR_CMS;Categorize
IM02014309;ADMF_COR_CMS;Categorize
IM02016791;APLF_COR_CATALOGO_E2E;Work In Progress
IM02021685;APLF_COR_GIRAFE_PROV;Categorize
IM02021674;APLR_COR_SEGAT;Categorize
IM02019598;ADMF_COR_SIEBEL;Categorize
IM02019605;ADMF_COR_SIEBEL;Work In Progress
IM02021218;APLF_COR_GO_CRM;Work In Progress
IM02021208;ADMF_COR_SIEBEL;Work In Progress
IM02021199;APLF_COR_CATALOGO_E2E;Work In Progress
IM02021637;ADMF_COR_SIEBEL;Work In Progress
IM02000882;APLF_COR_GO_VTA_ADSL;Categorize
IM02000750;ADMF_COR_SIEBEL;Categorize
IM02017928;APLF_COR_KINGDOM;Categorize
IM02003107;APLF_COR_GIRAFE;Categorize
IM02003107;APLF_COR_GIRAFE;Categorize
IM02003107;APLF_COR_GIRAFE;Categorize
IM02003107;APLF_COR_GIRAFE;Categorize
IM02003107;APLF_COR_GIRAFE;Categorize
IM02003107;APLF_COR_GIRAFE;Categorize
IM02006119;ADMF_COR_ADSL_VENTAS;Categorize
IM02022362;APLF_COR_CATALOGO_E2E;Categorize
IM02011775;ADMF_COR_CMS;Categorize
IM02013296;ADMF_COR_SIEBEL;Categorize
IM02017887;ADMF_COR_CMS;Categorize
IM02016643;ADMF_COR_CMS;Categorize
IM02014302;ADMF_COR_CMS;Categorize
IM02014309;ADMF_COR_CMS;Categorize
IM02016791;APLF_COR_CATALOGO_E2E;Work In Progress
IM02021685;APLF_COR_GIRAFE_PROV;Categorize
IM02021674;APLR_COR_SEGAT;Categorize
IM02019598;ADMF_COR_SIEBEL;Categorize
IM02019605;ADMF_COR_SIEBEL;Work In Progress
IM02021218;APLF_COR_GO_CRM;Work In Progress
IM02021208;ADMF_COR_SIEBEL;Work In Progress
IM02021199;APLF_COR_CATALOGO_E2E;Work In Progress
IM02021637;ADMF_COR_SIEBEL;Work In Progress
IM02000882;APLF_COR_GO_VTA_ADSL;Categorize
IM02000750;ADMF_COR_SIEBEL;Categorize
IM02017928;APLF_COR_KINGDOM;Categorize
IM02003107;APLF_COR_GIRAFE;Categorize
IM02003107;APLF_COR_GIRAFE;Categorize
IM02003107;APLF_COR_GIRAFE;Categorize
IM02003107;APLF_COR_GIRAFE;Categorize
IM02003107;APLF_COR_GIRAFE;Categorize
IM02003107;APLF_COR_GIRAFE;Categorize
IM02006119;ADMF_COR_ADSL_VENTAS;Categorize
IM02022362;APLF_COR_CATALOGO_E2E;Categorize
IM02011775;ADMF_COR_CMS;Categorize
IM02013296;ADMF_COR_SIEBEL;Categorize
IM02017887;ADMF_COR_CMS;Categorize
IM02016643;ADMF_COR_CMS;Categorize
IM02014302;ADMF_COR_CMS;Categorize
IM02014309;ADMF_COR_CMS;Categorize
IM02016791;APLF_COR_CATALOGO_E2E;Work In Progress
IM02021674;APLR_COR_SEGAT;Categorize
IM02019598;ADMF_COR_SIEBEL;Categorize
IM02019605;ADMF_COR_SIEBEL;Work In Progress
IM02021208;ADMF_COR_SIEBEL;Work In Progress
IM02021199;APLF_COR_CATALOGO_E2E;Work In Progress
IM02021637;ADMF_COR_SIEBEL;Work In Progress
IM02022833;APLF_COR_GO_ARNET;Categorize
IM02000882;APLF_COR_GO_VTA_ADSL;Categorize
IM02000750;ADMF_COR_SIEBEL;Categorize
IM02017928;APLF_COR_KINGDOM;Categorize
IM02003107;APLF_COR_GIRAFE;Categorize
IM02003107;APLF_COR_GIRAFE;Categorize
IM02003107;APLF_COR_GIRAFE;Categorize
IM02003107;APLF_COR_GIRAFE;Categorize
IM02003107;APLF_COR_GIRAFE;Categorize
IM02003107;APLF_COR_GIRAFE;Categorize
IM02006119;ADMF_COR_ADSL_VENTAS;Categorize
IM02022362;APLF_COR_CATALOGO_E2E;Categorize
IM02011775;ADMF_COR_CMS;Categorize
IM02013296;ADMF_COR_SIEBEL;Categorize
IM02017887;ADMF_COR_CMS;Categorize
IM02016643;ADMF_COR_CMS;Categorize
IM02014302;ADMF_COR_CMS;Categorize
IM02014309;ADMF_COR_CMS;Categorize
IM02016791;APLF_COR_CATALOGO_E2E;Work In Progress
IM02021674;APLR_COR_SEGAT;Categorize
IM02019598;ADMF_COR_SIEBEL;Categorize
IM02019605;ADMF_COR_SIEBEL;Work In Progress
IM02021208;ADMF_COR_SIEBEL;Work In Progress
IM02021199;APLF_COR_CATALOGO_E2E;Work In Progress
IM02021637;ADMF_COR_SIEBEL;Work In Progress
IM02022964;APLF_COR_GO_CRM;Work In Progress
IM02022954;APLF_COR_GO_CRM;Work In Progress
IM02022833;APLF_COR_GO_ARNET;Categorize
IM02000882;APLF_COR_GO_VTA_ADSL;Categorize
IM02000750;ADMF_COR_SIEBEL;Categorize
IM02017928;APLF_COR_KINGDOM;Categorize
IM02003107;APLF_COR_GIRAFE;Categorize
IM02003107;APLF_COR_GIRAFE;Categorize
IM02003107;APLF_COR_GIRAFE;Categorize
IM02003107;APLF_COR_GIRAFE;Categorize
IM02003107;APLF_COR_GIRAFE;Categorize
IM02003107;APLF_COR_GIRAFE;Categorize
IM02006119;ADMF_COR_ADSL_VENTAS;Categorize
IM02022362;APLF_COR_CATALOGO_E2E;Categorize
IM02011775;ADMF_COR_CMS;Categorize
IM02013296;ADMF_COR_SIEBEL;Categorize
IM02017887;ADMF_COR_CMS;Categorize
IM02016643;ADMF_COR_CMS;Categorize
IM02014302;ADMF_COR_CMS;Categorize
IM02014309;ADMF_COR_CMS;Categorize
IM02016791;APLF_COR_CATALOGO_E2E;Work In Progress
IM02019598;ADMF_COR_SIEBEL;Categorize
IM02019605;ADMF_COR_SIEBEL;Work In Progress
IM02021208;ADMF_COR_SIEBEL;Work In Progress
IM02021199;APLF_COR_CATALOGO_E2E;Work In Progress
IM02021637;ADMF_COR_SIEBEL;Work In Progress
IM02022977;APLF_COR_GO_CRM;Categorize
IM02022964;APLF_COR_GO_CRM;Work In Progress
IM02022954;APLF_COR_GO_CRM;Work In Progress
IM02022833;APLF_COR_GO_ARNET;Categorize
IM02000882;APLF_COR_GO_VTA_ADSL;Categorize
IM02000750;ADMF_COR_SIEBEL;Categorize
IM02017928;APLF_COR_KINGDOM;Categorize
IM02003107;APLF_COR_GIRAFE;Categorize
IM02003107;APLF_COR_GIRAFE;Categorize
IM02003107;APLF_COR_GIRAFE;Categorize
IM02003107;APLF_COR_GIRAFE;Categorize
IM02003107;APLF_COR_GIRAFE;Categorize
IM02003107;APLF_COR_GIRAFE;Categorize
IM02006119;ADMF_COR_ADSL_VENTAS;Categorize
IM02022362;APLF_COR_CATALOGO_E2E;Categorize
IM02011775;ADMF_COR_CMS;Categorize
IM02013296;ADMF_COR_SIEBEL;Categorize
IM02017887;ADMF_COR_CMS;Categorize
IM02016643;ADMF_COR_CMS;Categorize
IM02014302;ADMF_COR_CMS;Categorize
IM02014309;ADMF_COR_CMS;Categorize
IM02016791;APLF_COR_CATALOGO_E2E;Work In Progress
IM02019598;ADMF_COR_SIEBEL;Categorize
IM02019605;ADMF_COR_SIEBEL;Work In Progress
IM02021208;ADMF_COR_SIEBEL;Work In Progress
IM02021199;APLF_COR_CATALOGO_E2E;Work In Progress
IM02021637;ADMF_COR_SIEBEL;Work In Progress
IM02023294;ADMF_COR_CMS;Categorize
IM02023305;ADMF_COR_GCC;Categorize
